Date,Hour,Season,Temperature(°C),Humidity(%),Dew Point(°C),Solar Radiation(MJ/m2),Residents,AC Usage(hours),Heater Usage(hours),Holiday,Functioning Day,Electricity Usage(kWh)
2022-01-01,0,Autumn,27.9,60.1,25.7,5.39,2,3.2,2.2,No Holiday,Yes,42.5
2022-01-01,1,Winter,20.3,56.3,18.2,4.04,3,4.1,1.8,Holiday,No,42.8
2022-01-01,2,Spring,28.9,51.5,27.7,4.92,3,2.5,0.8,No Holiday,Yes,44.1
2022-01-01,3,Autumn,30.1,51.8,28.5,4.87,2,8.7,2.7,No Holiday,Yes,58.7
2022-01-01,4,Autumn,29.8,54.1,26.4,5.32,4,7.8,1.8,No Holiday,Yes,51.6
2022-01-01,5,Winter,32.4,53.9,30.6,5.03,5,6.2,0.4,Holiday,No,49.5
2022-01-01,6,Spring,31.2,52.6,28.8,5.61,2,9.3,1.5,No Holiday,Yes,52.9
2022-01-01,7,Spring,29.3,51.0,27.6,4.36,2,6.5,2.9,No Holiday,Yes,51.3
2022-01-01,8,Autumn,26.6,55.2,25.7,4.12,2,4.7,0.1,Holiday,No,45.6
2022-01-01,9,Summer,18.7,60.1,16.8,4.21,2,5.7,1.0,No Holiday,Yes,42.1
2022-01-01,10,Autumn,29.1,58.6,27.3,4.87,2,7.7,2.1,No Holiday,Yes,55.4
2022-01-01,11,Autumn,28.0,54.4,26.2,4.58,4,3.2,3.4,No Holiday,Yes,51.2
2022-01-01,12,Autumn,28.4,54.8,26.4,5.28,1,2.7,3.0,No Holiday,Yes,46.2
2022-01-01,13,Autumn,20.6,55.1,18.5,3.76,5,5.8,3.5,No Holiday,Yes,44.4
2022-01-01,14,Winter,21.6,58.4,19.7,4.06,1,3.8,2.2,No Holiday,Yes,39.1
2022-01-01,15,Spring,32.3,51.9,30.9,5.93,2,0.5,1.8,Holiday,No,41.4
2022-01-01,16,Winter,26.8,59.3,24.6,5.45,1,2.5,2.8,Holiday,No,42.3
2022-01-01,17,Winter,30.4,48.7,29.4,5.83,4,4.4,1.1,No Holiday,Yes,50.0
2022-01-01,18,Winter,27.1,55.4,26.2,4.57,3,5.1,1.0,No Holiday,Yes,47.5
2022-01-01,19,Autumn,27.1,58.1,24.8,5.33,1,5.2,0.8,Holiday,No,45.2
2022-01-01,20,Summer,31.7,56.2,29.4,4.69,5,9.0,3.1,No Holiday,Yes,60.0
2022-01-01,21,Spring,24.4,68.4,22.4,3.99,4,4.6,1.2,No Holiday,Yes,46.0
2022-01-01,22,Summer,27.5,58.2,26.2,3.57,3,5.6,3.0,No Holiday,Yes,53.5
2022-01-01,23,Winter,24.7,53.6,23.0,5.31,4,1.7,2.1,No Holiday,Yes,33.6
2022-01-02,0,Winter,24.8,57.2,23.0,4.05,2,4.9,3.1,No Holiday,Yes,46.7
2022-01-02,1,Summer,25.5,50.3,24.3,4.48,3,5.7,0.9,Holiday,No,45.8
2022-01-02,2,Summer,28.1,56.2,26.5,4.36,5,2.2,1.4,No Holiday,Yes,43.5
2022-01-02,3,Summer,24.6,54.3,22.3,4.81,3,3.1,2.5,No Holiday,Yes,42.7
2022-01-02,4,Winter,33.3,58.7,30.6,5.14,5,6.0,1.6,No Holiday,Yes,55.1
2022-01-02,5,Winter,22.5,56.0,20.7,3.6,2,3.9,0.0,No Holiday,Yes,37.9
2022-01-02,6,Spring,26.1,56.7,23.7,4.83,5,4.8,0.6,No Holiday,Yes,41.8
2022-01-02,7,Spring,24.8,55.0,23.8,3.76,4,6.1,0.9,Holiday,No,48.4
2022-01-02,8,Winter,34.2,61.7,31.9,5.0,1,9.1,1.0,Holiday,No,62.5
2022-01-02,9,Summer,28.0,55.3,26.4,3.74,4,4.6,2.7,No Holiday,Yes,50.2
2022-01-02,10,Summer,32.2,62.7,30.0,4.5,4,8.5,2.3,No Holiday,Yes,61.9
2022-01-02,11,Spring,19.6,62.4,17.7,4.05,3,1.1,2.2,No Holiday,Yes,31.3
2022-01-02,12,Winter,28.3,58.4,25.7,3.85,2,5.3,4.0,No Holiday,Yes,50.7
2022-01-02,13,Spring,31.4,57.0,29.9,4.4,1,4.3,3.2,No Holiday,Yes,54.8
2022-01-02,14,Spring,27.4,58.4,25.1,4.74,5,3.9,2.8,Holiday,No,48.0
2022-01-02,15,Autumn,32.3,47.6,30.5,4.96,3,6.3,0.5,No Holiday,Yes,51.8
2022-01-02,16,Autumn,24.4,56.6,22.5,5.44,2,4.6,2.1,No Holiday,Yes,43.8
2022-01-02,17,Autumn,34.0,58.2,32.1,6.32,1,1.0,2.3,No Holiday,Yes,49.3
2022-01-02,18,Summer,38.5,53.3,36.9,5.42,4,1.8,1.6,No Holiday,Yes,44.2
2022-01-02,19,Winter,25.2,51.8,23.2,4.8,2,6.4,3.7,No Holiday,Yes,52.1
2022-01-02,20,Winter,24.8,57.4,22.8,4.85,2,1.7,2.1,No Holiday,Yes,39.0
2022-01-02,21,Winter,34.3,61.5,32.1,5.13,2,6.5,0.8,No Holiday,Yes,50.9
2022-01-02,22,Winter,34.9,59.5,32.9,4.74,4,5.2,1.0,No Holiday,Yes,57.7
2022-01-02,23,Autumn,24.4,57.4,22.0,4.43,5,4.7,4.3,No Holiday,Yes,40.1
2022-01-03,0,Summer,24.9,61.3,22.4,4.4,3,4.8,1.6,No Holiday,Yes,45.4
2022-01-03,1,Summer,25.6,55.9,24.1,4.34,5,6.0,0.0,No Holiday,Yes,46.9
2022-01-03,2,Autumn,20.3,52.1,17.8,4.25,1,2.6,1.4,No Holiday,Yes,33.3
2022-01-03,3,Summer,22.4,54.6,21.0,3.87,3,5.1,0.2,No Holiday,Yes,41.9
2022-01-03,4,Autumn,22.0,64.7,19.7,3.62,1,2.7,2.9,No Holiday,Yes,40.0
2022-01-03,5,Winter,23.2,57.0,20.9,4.37,4,5.3,0.0,No Holiday,Yes,45.1
2022-01-03,6,Autumn,26.8,56.0,25.8,4.88,5,6.3,0.6,No Holiday,Yes,58.3
2022-01-03,7,Winter,28.2,55.3,26.1,4.23,2,5.3,2.0,No Holiday,Yes,50.0
2022-01-03,8,Winter,34.8,62.2,33.0,5.94,3,6.2,3.1,No Holiday,Yes,59.8
2022-01-03,9,Spring,22.0,64.9,20.4,3.32,2,3.6,1.9,Holiday,No,38.0
2022-01-03,10,Autumn,31.9,64.3,29.2,4.9,1,4.9,0.7,No Holiday,Yes,50.3
2022-01-03,11,Spring,25.9,56.6,24.3,4.46,2,4.5,2.2,No Holiday,Yes,44.8
2022-01-03,12,Autumn,26.8,58.2,25.2,4.36,2,4.4,1.5,No Holiday,Yes,47.7
2022-01-03,13,Autumn,30.4,49.8,28.3,4.75,4,3.4,3.1,No Holiday,Yes,44.0
2022-01-03,14,Spring,21.4,64.5,19.0,5.07,4,4.1,2.9,No Holiday,Yes,39.7
2022-01-03,15,Spring,28.9,51.7,27.0,4.47,5,2.8,1.5,Holiday,No,47.0
2022-01-03,16,Autumn,27.8,57.5,25.2,6.0,1,1.6,2.8,No Holiday,Yes,43.2
2022-01-03,17,Summer,29.5,51.8,27.2,5.16,4,3.6,2.3,No Holiday,Yes,50.7
2022-01-03,18,Winter,28.4,54.1,27.5,4.89,4,6.3,3.4,Holiday,No,54.1
2022-01-03,19,Spring,39.3,49.9,37.5,6.17,5,5.5,2.7,No Holiday,Yes,60.5
2022-01-03,20,Winter,23.8,55.4,22.1,5.65,3,2.5,2.5,No Holiday,Yes,39.7
2022-01-03,21,Summer,24.3,55.5,22.1,3.94,5,4.2,3.3,No Holiday,Yes,45.0
2022-01-03,22,Summer,23.9,55.6,23.2,3.83,2,6.4,2.0,No Holiday,Yes,50.6
2022-01-03,23,Summer,24.2,61.1,20.9,4.04,2,4.1,1.2,No Holiday,Yes,42.0
2022-01-04,0,Spring,23.8,53.4,21.5,4.4,4,2.2,2.2,No Holiday,Yes,42.9
2022-01-04,1,Summer,32.9,56.0,30.9,4.43,4,9.5,1.6,No Holiday,Yes,60.3
2022-01-04,2,Spring,34.1,59.6,31.5,5.42,5,4.7,2.6,Holiday,No,50.0
2022-01-04,3,Summer,24.1,55.7,21.0,5.26,5,2.7,2.1,Holiday,No,36.7
2022-01-04,4,Winter,22.8,55.3,20.4,4.36,1,5.3,2.4,No Holiday,Yes,44.8
2022-01-04,5,Winter,29.4,55.3,26.9,4.79,2,4.8,0.8,Holiday,No,49.8
2022-01-04,6,Autumn,24.2,62.4,22.2,4.11,5,1.9,2.5,No Holiday,Yes,38.1
2022-01-04,7,Winter,30.2,56.7,28.2,5.47,3,5.2,0.7,No Holiday,Yes,50.6
2022-01-04,8,Autumn,28.0,54.5,26.3,4.39,1,7.0,3.0,Holiday,No,53.8
2022-01-04,9,Winter,19.4,61.1,17.8,4.87,5,4.5,3.0,No Holiday,Yes,43.9
2022-01-04,10,Spring,34.7,50.2,33.1,6.44,4,0.9,2.3,Holiday,No,44.7
2022-01-04,11,Winter,36.0,56.9,34.7,5.73,5,5.7,2.3,No Holiday,Yes,57.0
2022-01-04,12,Autumn,23.9,59.5,22.0,4.39,4,6.2,1.8,No Holiday,Yes,50.0
2022-01-04,13,Autumn,25.1,56.3,23.9,5.02,4,3.8,1.4,No Holiday,Yes,42.6
2022-01-04,14,Summer,28.4,53.1,26.3,5.39,2,3.8,2.0,Holiday,No,44.5
2022-01-04,15,Spring,28.7,52.9,26.7,4.46,2,9.5,4.0,No Holiday,Yes,55.1
2022-01-04,16,Winter,30.3,58.1,28.2,4.77,5,3.7,2.2,Holiday,No,49.5
2022-01-04,17,Summer,37.1,58.8,35.3,5.04,5,2.8,0.7,No Holiday,Yes,46.8
2022-01-04,18,Winter,26.1,54.6,22.6,4.82,3,5.1,0.3,No Holiday,Yes,42.6
2022-01-04,19,Winter,23.0,59.9,20.3,4.63,1,6.1,0.6,No Holiday,Yes,41.3
2022-01-04,20,Summer,20.1,50.6,18.7,3.34,1,6.1,1.6,No Holiday,Yes,42.5
2022-01-04,21,Summer,23.3,55.7,21.2,4.11,5,0.1,3.3,No Holiday,Yes,42.8
2022-01-04,22,Summer,26.8,56.8,25.1,4.01,2,3.7,1.0,Holiday,No,44.2
2022-01-04,23,Summer,36.0,50.6,34.5,5.15,3,7.3,3.4,No Holiday,Yes,59.1
2022-01-05,0,Summer,24.4,53.9,23.1,4.72,1,5.7,2.2,No Holiday,Yes,45.4
2022-01-05,1,Winter,28.1,53.9,25.9,4.45,5,2.5,2.5,Holiday,No,39.7
2022-01-05,2,Summer,26.9,58.1,25.3,4.54,2,7.5,2.5,No Holiday,Yes,49.7
2022-01-05,3,Spring,32.9,54.4,30.5,4.48,2,6.9,2.6,No Holiday,Yes,52.9
2022-01-05,4,Autumn,39.6,44.2,37.1,6.06,2,4.4,1.6,No Holiday,Yes,55.9
2022-01-05,5,Summer,24.3,49.2,21.7,4.41,4,6.8,0.0,No Holiday,Yes,46.8
2022-01-05,6,Summer,24.6,55.2,23.0,4.09,2,9.0,1.4,No Holiday,Yes,52.8
2022-01-05,7,Winter,32.2,57.2,30.0,5.13,5,2.9,1.1,No Holiday,Yes,47.2
2022-01-05,8,Summer,30.4,44.9,28.1,5.13,3,6.1,2.3,No Holiday,Yes,50.0
2022-01-05,9,Summer,36.2,52.1,34.5,5.22,5,9.0,2.2,No Holiday,Yes,59.4
2022-01-05,10,Summer,29.9,53.9,28.3,4.25,2,6.3,1.7,No Holiday,Yes,48.4
2022-01-05,11,Winter,25.2,63.0,22.4,5.42,3,3.5,3.8,No Holiday,Yes,42.3
2022-01-05,12,Summer,30.0,54.5,27.8,4.68,1,5.5,1.4,No Holiday,Yes,50.8
2022-01-05,13,Autumn,32.5,56.8,30.2,5.21,1,7.7,0.0,No Holiday,Yes,60.4
2022-01-05,14,Winter,31.1,56.2,29.5,5.62,5,3.0,2.1,No Holiday,Yes,43.7
2022-01-05,15,Autumn,29.5,47.6,28.1,6.72,3,4.9,3.2,No Holiday,Yes,49.6
2022-01-05,16,Winter,32.3,58.4,30.6,4.61,5,4.5,2.3,No Holiday,Yes,51.9
2022-01-05,17,Summer,32.8,56.0,30.9,5.51,3,3.7,1.6,No Holiday,Yes,48.2
2022-01-05,18,Autumn,33.9,56.9,32.4,5.04,3,5.5,2.2,Holiday,No,55.3
2022-01-05,19,Winter,30.2,71.6,28.2,4.75,5,4.8,3.8,No Holiday,Yes,51.4
2022-01-05,20,Spring,26.2,48.8,25.0,4.26,3,6.3,1.1,No Holiday,Yes,45.6
2022-01-05,21,Summer,27.7,63.6,26.3,4.21,2,7.3,2.0,No Holiday,Yes,52.4
2022-01-05,22,Winter,33.0,53.9,30.7,5.28,3,2.5,2.7,No Holiday,Yes,49.0
2022-01-05,23,Spring,22.9,59.3,20.6,3.55,3,5.1,2.3,No Holiday,Yes,48.8
2022-01-06,0,Winter,28.8,56.2,27.0,5.36,5,4.9,1.8,No Holiday,Yes,49.4
2022-01-06,1,Spring,25.0,55.8,23.5,4.53,1,5.4,1.6,No Holiday,Yes,45.2
2022-01-06,2,Summer,27.1,54.6,25.7,4.93,4,5.0,1.7,No Holiday,Yes,49.4
2022-01-06,3,Autumn,33.4,56.3,31.6,5.11,3,3.0,2.5,No Holiday,Yes,52.4
2022-01-06,4,Spring,28.0,50.5,25.6,4.61,4,7.9,2.5,Holiday,No,53.5
2022-01-06,5,Winter,27.2,59.8,24.8,4.87,3,8.8,4.1,No Holiday,Yes,58.0
2022-01-06,6,Summer,20.2,57.3,18.4,3.44,5,6.1,0.5,No Holiday,Yes,40.6
2022-01-06,7,Spring,30.7,51.3,29.3,4.89,5,6.2,3.8,No Holiday,Yes,57.6
2022-01-06,8,Winter,30.2,54.1,28.1,4.59,3,5.3,1.8,No Holiday,Yes,50.3
2022-01-06,9,Winter,37.8,58.7,36.2,5.34,5,6.9,1.9,No Holiday,Yes,55.7
2022-01-06,10,Winter,25.5,55.2,23.7,3.49,5,0.1,2.9,No Holiday,Yes,38.9
2022-01-06,11,Spring,28.1,58.0,25.4,5.48,3,5.0,2.9,No Holiday,Yes,54.1
2022-01-06,12,Spring,28.2,53.6,25.8,4.48,1,3.9,3.2,No Holiday,Yes,52.4
2022-01-06,13,Spring,34.9,57.6,32.8,6.07,3,5.3,3.4,No Holiday,Yes,55.0
2022-01-06,14,Autumn,26.5,59.8,25.2,5.19,1,7.2,2.0,No Holiday,Yes,49.4
2022-01-06,15,Spring,28.4,63.9,26.3,4.2,5,5.0,3.4,No Holiday,Yes,56.8
2022-01-06,16,Spring,30.0,55.3,27.5,4.46,1,4.3,1.4,No Holiday,Yes,52.1
2022-01-06,17,Spring,27.9,59.3,26.1,6.07,5,2.2,1.7,No Holiday,Yes,43.6
2022-01-06,18,Autumn,24.8,58.0,22.1,5.35,1,4.8,1.8,No Holiday,Yes,39.9
2022-01-06,19,Spring,28.0,61.8,25.3,4.78,1,6.3,1.5,No Holiday,Yes,48.5
2022-01-06,20,Winter,32.4,52.4,29.5,5.37,3,3.3,2.1,No Holiday,Yes,45.0
2022-01-06,21,Spring,21.9,61.4,19.7,3.87,1,1.0,2.9,No Holiday,Yes,42.3
2022-01-06,22,Winter,27.7,55.9,25.4,4.98,5,9.5,2.7,No Holiday,Yes,53.4
2022-01-06,23,Winter,23.5,57.7,20.8,3.99,3,5.7,1.4,No Holiday,Yes,50.5
2022-01-07,0,Winter,33.0,55.5,30.8,4.28,1,4.6,1.3,No Holiday,Yes,49.9
2022-01-07,1,Autumn,19.4,60.2,17.6,3.28,3,7.8,1.1,No Holiday,Yes,42.2
2022-01-07,2,Autumn,24.2,57.3,22.4,4.43,4,5.3,2.1,No Holiday,Yes,48.9
2022-01-07,3,Autumn,28.9,57.2,26.8,4.32,3,7.7,0.4,No Holiday,Yes,53.8
2022-01-07,4,Spring,34.8,60.9,33.5,5.45,4,7.5,1.1,Holiday,No,53.8
2022-01-07,5,Winter,26.7,60.9,24.7,4.13,4,2.5,1.5,No Holiday,Yes,41.5
2022-01-07,6,Autumn,24.2,61.2,21.7,4.03,3,5.9,3.1,No Holiday,Yes,53.0
2022-01-07,7,Autumn,36.4,52.3,35.5,6.07,5,8.5,1.9,No Holiday,Yes,60.2
2022-01-07,8,Spring,19.8,55.5,17.0,4.1,5,3.0,3.0,Holiday,No,44.1
2022-01-07,9,Autumn,16.0,64.0,13.4,3.6,5,3.0,2.2,Holiday,No,33.1
2022-01-07,10,Spring,29.2,59.7,27.4,5.36,2,3.4,1.5,No Holiday,Yes,40.5
2022-01-07,11,Summer,24.5,63.5,22.2,4.69,4,6.8,1.6,Holiday,No,48.8
2022-01-07,12,Autumn,21.9,56.0,19.9,4.91,3,5.6,0.8,No Holiday,Yes,38.3
2022-01-07,13,Summer,30.5,54.9,27.9,4.82,5,1.1,4.4,No Holiday,Yes,46.4
2022-01-07,14,Spring,28.2,50.0,25.7,4.61,5,5.7,3.1,No Holiday,Yes,51.1
2022-01-07,15,Winter,24.2,56.2,22.9,3.77,3,4.5,2.6,Holiday,No,42.8
2022-01-07,16,Autumn,20.6,62.8,18.3,3.85,4,4.8,0.7,No Holiday,Yes,45.9
2022-01-07,17,Spring,31.4,53.7,29.5,5.62,3,3.3,1.5,No Holiday,Yes,46.7
2022-01-07,18,Winter,30.3,58.5,28.2,5.68,2,5.7,1.0,No Holiday,Yes,52.6
2022-01-07,19,Winter,26.5,56.3,24.9,5.13,2,7.1,2.1,No Holiday,Yes,54.2
2022-01-07,20,Summer,36.2,55.4,33.4,4.73,3,3.7,1.1,No Holiday,Yes,56.1
2022-01-07,21,Spring,21.6,53.9,19.1,4.71,4,1.6,1.3,Holiday,No,31.7
2022-01-07,22,Winter,19.4,59.5,17.7,3.02,5,4.4,1.1,No Holiday,Yes,33.6
2022-01-07,23,Autumn,23.5,46.0,22.2,4.8,2,6.5,1.8,No Holiday,Yes,52.0
2022-01-08,0,Autumn,26.8,56.2,25.0,4.49,2,4.2,2.1,No Holiday,Yes,47.4
2022-01-08,1,Summer,28.2,50.0,26.0,5.17,4,2.0,1.8,No Holiday,Yes,42.1
2022-01-08,2,Winter,25.8,62.1,23.7,3.91,2,6.5,3.5,No Holiday,Yes,51.7
2022-01-08,3,Spring,28.8,59.5,26.1,5.46,2,7.8,2.8,No Holiday,Yes,54.9
2022-01-08,4,Autumn,20.7,60.6,18.3,3.34,4,5.0,1.2,No Holiday,Yes,44.1
2022-01-08,5,Winter,34.2,60.8,31.7,5.09,3,1.8,2.3,No Holiday,Yes,43.1
2022-01-08,6,Winter,26.6,53.2,24.4,4.16,5,4.4,1.3,No Holiday,Yes,46.0
2022-01-08,7,Summer,32.6,62.2,31.3,4.38,5,5.3,1.6,No Holiday,Yes,55.3
2022-01-08,8,Autumn,28.7,60.1,26.8,4.92,2,3.4,2.5,No Holiday,Yes,48.7
2022-01-08,9,Autumn,29.3,55.3,26.8,5.83,5,6.2,2.7,No Holiday,Yes,52.3
2022-01-08,10,Spring,29.8,60.6,27.9,6.32,3,3.2,1.4,No Holiday,Yes,45.4
2022-01-08,11,Autumn,29.2,51.8,27.0,4.97,2,5.1,0.9,Holiday,No,51.3
2022-01-08,12,Spring,30.2,52.6,28.4,5.58,5,4.5,2.1,No Holiday,Yes,50.8
2022-01-08,13,Autumn,33.6,52.5,32.2,5.48,1,6.2,2.4,No Holiday,Yes,60.9
2022-01-08,14,Summer,28.0,54.5,26.0,5.05,1,5.0,1.4,No Holiday,Yes,41.9
2022-01-08,15,Autumn,30.5,51.6,28.4,4.88,1,4.6,2.8,Holiday,No,53.2
2022-01-08,16,Spring,26.6,61.9,24.9,4.75,1,3.4,2.6,No Holiday,Yes,42.7
2022-01-08,17,Spring,34.2,53.7,32.3,5.69,1,5.1,1.3,No Holiday,Yes,52.0
2022-01-08,18,Summer,23.6,59.3,22.1,4.07,2,4.5,3.1,No Holiday,Yes,49.6
2022-01-08,19,Autumn,36.0,51.9,33.4,5.56,4,3.3,3.2,No Holiday,Yes,49.7
2022-01-08,20,Autumn,26.8,49.7,24.9,4.65,4,5.3,4.1,No Holiday,Yes,57.0
2022-01-08,21,Summer,19.8,60.1,17.1,4.4,2,5.7,3.7,No Holiday,Yes,49.2
2022-01-08,22,Autumn,27.6,49.1,24.9,4.23,2,4.3,1.1,No Holiday,Yes,46.6
2022-01-08,23,Autumn,23.6,57.6,21.6,4.33,3,6.9,2.9,No Holiday,Yes,47.1
2022-01-09,0,Spring,31.2,50.2,29.7,6.08,4,5.5,2.9,No Holiday,Yes,52.3
2022-01-09,1,Autumn,23.7,65.8,22.8,4.96,1,2.4,1.7,No Holiday,Yes,38.5
2022-01-09,2,Autumn,24.8,61.2,23.5,5.15,2,7.7,2.5,Holiday,No,48.2
2022-01-09,3,Summer,17.6,60.2,16.2,3.77,1,6.5,0.1,No Holiday,Yes,43.6
2022-01-09,4,Summer,24.7,62.6,22.0,4.63,4,7.0,0.1,No Holiday,Yes,45.9
2022-01-09,5,Winter,14.9,57.2,12.8,3.99,5,5.8,0.3,Holiday,No,36.3
2022-01-09,6,Spring,19.1,61.4,16.9,4.69,5,0.3,2.4,No Holiday,Yes,32.2
2022-01-09,7,Autumn,30.8,56.6,29.9,4.1,2,7.2,2.4,No Holiday,Yes,54.9
2022-01-09,8,Autumn,30.9,56.8,29.5,4.44,3,5.1,1.7,No Holiday,Yes,52.0
2022-01-09,9,Winter,29.1,61.4,26.7,5.57,1,5.7,3.7,Holiday,No,51.5
2022-01-09,10,Autumn,22.2,61.3,20.0,4.08,2,6.1,3.0,No Holiday,Yes,50.5
2022-01-09,11,Spring,26.8,58.1,24.8,4.34,3,8.9,0.4,No Holiday,Yes,50.9
2022-01-09,12,Winter,27.0,50.3,24.7,4.07,1,3.9,1.8,Holiday,No,44.6
2022-01-09,13,Spring,21.2,54.8,18.4,3.84,4,4.0,1.1,Holiday,No,35.3
2022-01-09,14,Winter,34.5,54.2,32.6,4.75,5,3.3,2.4,No Holiday,Yes,53.8
2022-01-09,15,Winter,31.4,56.0,29.4,6.18,3,2.9,2.0,Holiday,No,50.6
2022-01-09,16,Summer,25.9,52.7,23.8,4.58,1,2.9,1.1,Holiday,No,43.0
2022-01-09,17,Spring,27.1,66.5,23.9,4.68,2,1.3,3.7,No Holiday,Yes,43.7
2022-01-09,18,Autumn,28.0,62.7,27.1,5.1,1,5.9,2.1,No Holiday,Yes,50.3
2022-01-09,19,Autumn,16.8,62.4,14.4,4.16,2,9.0,1.6,Holiday,No,42.2
2022-01-09,20,Spring,25.8,57.6,23.8,5.05,5,9.1,1.7,No Holiday,Yes,50.3
2022-01-09,21,Autumn,23.6,57.1,21.3,4.9,5,3.3,3.6,No Holiday,Yes,46.0
2022-01-09,22,Autumn,22.0,54.6,20.3,3.88,1,4.5,2.9,Holiday,No,43.1
2022-01-09,23,Spring,25.6,57.6,23.6,4.41,1,7.5,1.8,No Holiday,Yes,47.0
2022-01-10,0,Winter,36.0,55.2,33.6,5.98,2,5.9,1.0,Holiday,No,50.6
2022-01-10,1,Spring,30.2,51.0,26.6,4.76,2,5.3,1.2,Holiday,No,50.9
2022-01-10,2,Winter,24.1,59.1,21.7,4.41,3,4.5,1.5,No Holiday,Yes,46.1
2022-01-10,3,Autumn,29.9,55.4,28.3,5.19,3,7.4,2.5,No Holiday,Yes,50.5
2022-01-10,4,Autumn,34.0,47.2,32.2,5.79,3,2.9,2.8,Holiday,No,49.9
2022-01-10,5,Autumn,31.6,52.1,29.8,4.27,1,6.0,1.3,No Holiday,Yes,52.9
2022-01-10,6,Summer,27.3,55.2,26.2,5.09,3,5.7,2.8,No Holiday,Yes,48.4
2022-01-10,7,Winter,23.8,65.4,21.9,4.26,1,5.1,1.1,No Holiday,Yes,47.8
2022-01-10,8,Summer,30.5,58.1,28.1,5.4,5,6.6,1.4,No Holiday,Yes,51.5
2022-01-10,9,Summer,29.0,51.0,27.6,5.29,4,5.1,0.6,No Holiday,Yes,41.5
2022-01-10,10,Spring,31.5,57.5,29.0,5.95,5,3.9,0.5,No Holiday,Yes,46.1
2022-01-10,11,Summer,30.2,49.8,27.9,5.69,1,5.2,1.1,No Holiday,Yes,52.7
2022-01-10,12,Spring,32.2,59.7,30.6,5.9,1,1.8,2.0,No Holiday,Yes,44.3
2022-01-10,13,Spring,24.3,55.8,22.4,5.15,4,6.2,1.0,No Holiday,Yes,43.1
2022-01-10,14,Summer,33.6,54.5,30.8,5.5,2,6.7,3.5,Holiday,No,60.2
2022-01-10,15,Winter,28.0,61.9,25.6,4.81,2,3.7,1.1,No Holiday,Yes,45.2
2022-01-10,16,Winter,37.4,48.6,35.4,6.17,2,3.2,2.2,No Holiday,Yes,52.0
2022-01-10,17,Winter,23.6,52.3,21.7,4.72,3,3.8,3.3,No Holiday,Yes,45.4
2022-01-10,18,Winter,35.7,52.0,33.6,5.41,2,4.9,2.1,No Holiday,Yes,52.0
2022-01-10,19,Winter,28.0,60.8,26.2,5.0,3,5.4,1.6,No Holiday,Yes,46.9
2022-01-10,20,Summer,23.7,51.8,22.8,4.36,3,8.2,2.1,No Holiday,Yes,53.4
2022-01-10,21,Summer,24.6,46.3,21.6,4.03,2,8.0,1.4,No Holiday,Yes,47.2
2022-01-10,22,Autumn,25.4,55.6,23.3,5.19,2,6.7,1.0,No Holiday,Yes,52.8
2022-01-10,23,Winter,29.1,58.5,26.9,4.94,4,5.2,2.6,No Holiday,Yes,54.3
2022-01-11,0,Summer,29.6,60.9,27.6,5.99,4,3.1,1.4,No Holiday,Yes,41.7
2022-01-11,1,Autumn,24.1,55.9,22.5,3.6,3,8.4,2.9,No Holiday,Yes,57.7
2022-01-11,2,Winter,26.9,55.3,25.0,4.41,4,4.5,2.8,No Holiday,Yes,47.9
2022-01-11,3,Spring,37.7,58.3,36.5,5.79,3,5.6,2.2,No Holiday,Yes,61.6
2022-01-11,4,Autumn,35.6,46.8,32.5,6.13,1,6.3,3.0,No Holiday,Yes,58.2
2022-01-11,5,Summer,29.2,54.7,27.8,5.12,3,5.1,1.5,No Holiday,Yes,48.0
2022-01-11,6,Spring,27.2,57.6,25.7,4.87,3,7.3,2.8,No Holiday,Yes,52.6
2022-01-11,7,Spring,27.6,58.5,25.8,4.2,4,5.9,2.8,No Holiday,Yes,43.6
2022-01-11,8,Spring,30.1,53.9,27.4,4.43,1,7.0,1.7,No Holiday,Yes,56.0
2022-01-11,9,Autumn,21.9,58.6,19.9,4.35,5,5.9,1.6,Holiday,No,42.5
2022-01-11,10,Summer,25.7,47.3,24.3,3.89,5,4.9,2.3,No Holiday,Yes,49.2
2022-01-11,11,Spring,18.7,56.8,16.0,3.6,5,5.1,4.0,No Holiday,Yes,49.0
2022-01-11,12,Winter,29.0,58.1,26.6,5.15,1,4.9,1.8,No Holiday,Yes,46.8
2022-01-11,13,Spring,30.2,52.0,28.0,4.53,2,2.4,1.5,No Holiday,Yes,42.1
2022-01-11,14,Spring,24.6,57.9,22.2,5.26,1,3.0,3.2,No Holiday,Yes,46.3
2022-01-11,15,Autumn,34.9,56.3,31.7,6.1,4,6.5,2.1,No Holiday,Yes,55.4
2022-01-11,16,Autumn,20.9,57.4,17.8,3.3,3,2.5,2.9,No Holiday,Yes,42.8
2022-01-11,17,Summer,19.7,59.8,18.0,3.5,3,4.2,3.5,No Holiday,Yes,40.3
2022-01-11,18,Winter,28.1,52.7,25.3,3.67,4,2.9,0.1,Holiday,No,45.4
2022-01-11,19,Autumn,32.2,54.5,30.0,4.83,4,4.1,2.0,No Holiday,Yes,48.7
2022-01-11,20,Spring,35.4,56.8,33.2,5.93,3,4.7,1.8,No Holiday,Yes,54.2
2022-01-11,21,Summer,24.7,58.2,23.6,4.26,2,4.2,1.0,No Holiday,Yes,45.6
2022-01-11,22,Spring,32.4,52.9,30.5,5.47,2,2.1,0.1,Holiday,No,44.5
2022-01-11,23,Spring,26.8,57.9,25.2,3.92,2,4.6,0.4,No Holiday,Yes,47.4
2022-01-12,0,Autumn,26.1,60.0,23.7,5.01,4,3.1,2.1,No Holiday,Yes,38.9
2022-01-12,1,Summer,31.4,47.4,28.9,4.86,3,3.7,1.5,No Holiday,Yes,45.9
2022-01-12,2,Winter,30.3,60.6,29.3,5.03,3,6.5,1.2,No Holiday,Yes,52.2
2022-01-12,3,Winter,19.1,57.9,17.1,3.87,3,6.9,2.1,No Holiday,Yes,42.9
2022-01-12,4,Autumn,34.4,56.4,31.8,4.8,1,2.4,1.3,No Holiday,Yes,50.0
2022-01-12,5,Autumn,33.9,59.6,32.0,4.81,1,8.1,3.3,No Holiday,Yes,59.8
2022-01-12,6,Summer,23.9,52.4,21.5,4.87,5,4.0,1.4,No Holiday,Yes,39.5
2022-01-12,7,Winter,29.0,53.5,26.8,5.1,1,3.8,3.5,No Holiday,Yes,51.5
2022-01-12,8,Winter,29.5,55.0,27.3,5.47,2,3.2,2.0,No Holiday,Yes,42.6
2022-01-12,9,Winter,28.3,53.4,26.4,4.99,2,5.1,1.3,No Holiday,Yes,44.6
2022-01-12,10,Spring,24.2,64.7,22.9,4.5,2,9.0,1.3,No Holiday,Yes,54.0
2022-01-12,11,Winter,23.6,54.5,22.2,3.5,2,1.9,3.5,No Holiday,Yes,44.8
2022-01-12,12,Spring,26.9,54.7,24.5,4.55,5,0.9,2.7,No Holiday,Yes,40.5
2022-01-12,13,Summer,32.9,56.0,30.9,5.27,2,5.5,1.2,Holiday,No,47.2
2022-01-12,14,Spring,29.7,51.3,27.8,5.95,4,6.1,2.1,Holiday,No,53.8
2022-01-12,15,Summer,25.1,55.9,23.4,4.86,4,5.1,0.0,No Holiday,Yes,41.3
2022-01-12,16,Winter,30.9,57.0,29.0,5.85,4,6.2,0.7,No Holiday,Yes,54.3
2022-01-12,17,Winter,12.8,59.8,10.2,3.57,1,2.7,1.2,No Holiday,Yes,29.4
2022-01-12,18,Summer,32.7,54.8,30.9,4.92,3,3.1,1.2,No Holiday,Yes,50.4
2022-01-12,19,Autumn,18.3,57.4,17.0,3.89,5,5.2,3.2,No Holiday,Yes,41.6
2022-01-12,20,Summer,25.2,51.4,22.8,4.64,4,8.5,0.1,No Holiday,Yes,47.8
2022-01-12,21,Autumn,21.4,59.9,19.5,3.67,4,6.1,0.6,No Holiday,Yes,37.5
2022-01-12,22,Spring,20.5,65.9,18.5,3.86,2,6.2,2.5,Holiday,No,43.8
2022-01-12,23,Spring,32.8,55.2,30.0,5.18,4,2.9,2.2,Holiday,No,48.6
2022-01-13,0,Spring,24.7,58.5,22.7,5.27,2,5.8,1.7,No Holiday,Yes,47.1
2022-01-13,1,Winter,28.7,59.2,26.6,3.83,2,2.6,4.1,No Holiday,Yes,49.1
2022-01-13,2,Spring,26.8,51.9,25.4,5.28,3,8.5,2.6,Holiday,No,58.7
2022-01-13,3,Autumn,29.4,63.0,27.5,4.47,1,3.0,3.2,Holiday,No,47.5
2022-01-13,4,Spring,27.4,57.6,25.1,4.05,2,3.4,1.9,No Holiday,Yes,44.7
2022-01-13,5,Summer,20.6,65.4,19.4,4.65,2,2.1,1.5,Holiday,No,39.4
2022-01-13,6,Summer,32.0,52.5,29.9,5.56,3,5.2,1.5,No Holiday,Yes,51.4
2022-01-13,7,Winter,24.5,64.9,22.5,5.08,2,5.1,2.9,No Holiday,Yes,44.7
2022-01-13,8,Summer,19.2,62.3,17.2,4.32,5,8.0,2.8,No Holiday,Yes,47.1
2022-01-13,9,Autumn,24.9,59.8,22.3,5.52,1,6.6,1.8,No Holiday,Yes,42.3
2022-01-13,10,Spring,34.5,55.6,32.3,5.73,5,3.4,2.5,No Holiday,Yes,48.1
2022-01-13,11,Winter,31.3,54.6,28.5,5.05,4,6.7,3.0,No Holiday,Yes,50.6
2022-01-13,12,Spring,25.3,62.2,23.8,4.7,1,2.5,1.4,No Holiday,Yes,41.5
2022-01-13,13,Spring,25.3,58.0,23.2,5.15,4,3.6,1.7,No Holiday,Yes,46.3
2022-01-13,14,Autumn,25.4,49.5,23.3,4.15,2,5.2,2.4,No Holiday,Yes,44.1
2022-01-13,15,Summer,37.4,49.3,35.9,5.41,3,2.7,0.2,No Holiday,Yes,45.5
2022-01-13,16,Summer,28.9,55.6,26.4,4.74,5,7.1,2.5,No Holiday,Yes,56.7
2022-01-13,17,Spring,29.2,57.5,26.0,3.86,4,9.6,0.9,No Holiday,Yes,55.3
2022-01-13,18,Winter,32.2,55.1,30.2,5.28,2,4.4,2.9,No Holiday,Yes,52.5
2022-01-13,19,Summer,28.2,61.4,25.9,3.88,5,3.7,4.1,No Holiday,Yes,51.5
2022-01-13,20,Winter,25.7,49.5,23.7,4.6,5,4.7,1.3,No Holiday,Yes,42.3
2022-01-13,21,Summer,26.0,57.8,24.4,5.03,4,3.9,0.7,Holiday,No,40.4
2022-01-13,22,Winter,26.6,49.7,25.6,4.43,2,5.5,1.8,No Holiday,Yes,46.1
2022-01-13,23,Autumn,26.8,60.0,25.2,5.52,3,2.4,1.7,No Holiday,Yes,37.1
2022-01-14,0,Winter,30.6,55.4,29.3,4.33,4,5.6,2.7,No Holiday,Yes,54.0
2022-01-14,1,Autumn,27.3,58.5,24.4,5.32,5,8.8,2.2,No Holiday,Yes,57.5
2022-01-14,2,Autumn,30.7,52.3,28.7,5.4,5,1.0,1.7,No Holiday,Yes,41.9
2022-01-14,3,Winter,26.6,62.1,24.8,3.8,1,2.7,2.1,No Holiday,Yes,46.9
2022-01-14,4,Autumn,27.4,60.9,24.9,6.09,2,4.1,0.9,Holiday,No,43.7
2022-01-14,5,Spring,17.0,62.2,15.6,3.67,1,6.1,2.8,Holiday,No,45.0
2022-01-14,6,Autumn,31.6,55.0,30.0,4.72,3,6.8,3.6,No Holiday,Yes,58.5
2022-01-14,7,Summer,28.7,58.7,26.7,4.17,4,6.6,0.8,No Holiday,Yes,48.0
2022-01-14,8,Winter,32.0,52.6,29.5,5.09,5,1.6,0.4,No Holiday,Yes,45.5
2022-01-14,9,Spring,12.5,64.7,10.3,3.19,2,3.7,1.6,No Holiday,Yes,33.3
2022-01-14,10,Winter,37.4,60.4,35.3,5.8,5,3.2,0.8,Holiday,No,53.5
2022-01-14,11,Summer,26.3,61.4,24.3,4.48,1,4.9,0.7,Holiday,No,41.0
2022-01-14,12,Summer,32.5,52.3,30.3,5.57,1,5.0,0.6,No Holiday,Yes,49.9
2022-01-14,13,Summer,21.8,59.9,19.7,3.99,4,2.3,1.8,No Holiday,Yes,36.3
2022-01-14,14,Autumn,30.1,50.8,28.6,4.04,2,4.1,1.6,No Holiday,Yes,44.7
2022-01-14,15,Autumn,21.7,60.8,19.7,4.1,2,6.2,2.4,No Holiday,Yes,50.5
2022-01-14,16,Winter,23.9,59.6,22.4,3.2,4,3.7,1.4,No Holiday,Yes,42.3
2022-01-14,17,Winter,36.6,46.5,34.5,5.83,1,4.6,0.8,Holiday,No,47.5
2022-01-14,18,Spring,26.0,52.5,24.3,4.12,1,8.4,2.0,No Holiday,Yes,51.7
2022-01-14,19,Spring,28.1,55.4,24.8,4.89,1,9.0,0.9,No Holiday,Yes,57.4
2022-01-14,20,Winter,31.4,54.4,29.4,5.79,5,0.7,2.5,No Holiday,Yes,40.4
2022-01-14,21,Autumn,29.5,51.3,28.2,4.47,3,5.2,0.3,No Holiday,Yes,44.2
2022-01-14,22,Summer,27.8,58.2,25.8,5.31,1,10.0,0.0,No Holiday,Yes,54.7
2022-01-14,23,Winter,28.8,57.4,26.6,4.67,3,6.0,0.4,Holiday,No,49.8
2022-01-15,0,Spring,39.0,52.5,36.2,6.78,3,5.0,1.6,No Holiday,Yes,54.1
2022-01-15,1,Autumn,26.7,54.0,25.0,4.49,2,7.6,1.7,No Holiday,Yes,53.1
2022-01-15,2,Winter,28.0,60.8,26.8,4.38,4,5.4,2.1,No Holiday,Yes,49.6
2022-01-15,3,Winter,32.3,61.9,29.8,5.57,5,6.4,1.4,Holiday,No,54.4
2022-01-15,4,Autumn,32.5,53.3,31.2,5.03,3,4.6,1.2,No Holiday,Yes,42.4
2022-01-15,5,Winter,32.9,52.7,31.2,4.87,5,5.4,3.4,No Holiday,Yes,55.0
2022-01-15,6,Autumn,30.2,57.9,28.3,4.78,2,5.9,3.2,Holiday,No,52.8
2022-01-15,7,Summer,21.3,57.2,19.3,4.11,1,6.7,3.0,Holiday,No,49.0
2022-01-15,8,Autumn,35.2,53.9,32.8,6.19,3,4.1,2.3,No Holiday,Yes,50.6
2022-01-15,9,Autumn,21.3,61.6,19.6,3.16,4,4.1,2.4,No Holiday,Yes,40.7
2022-01-15,10,Autumn,28.5,48.8,26.7,4.86,2,1.1,1.2,No Holiday,Yes,40.9
2022-01-15,11,Winter,23.2,63.3,21.2,4.64,5,4.2,2.1,Holiday,No,47.8
2022-01-15,12,Winter,26.7,57.3,24.6,4.76,1,6.9,1.1,Holiday,No,45.6
2022-01-15,13,Autumn,28.6,54.8,26.6,5.52,5,5.9,0.9,No Holiday,Yes,50.5
2022-01-15,14,Winter,28.6,56.1,26.4,4.82,4,3.0,0.4,No Holiday,Yes,45.9
2022-01-15,15,Spring,29.1,56.1,26.7,4.82,3,1.2,2.4,Holiday,No,44.2
2022-01-15,16,Spring,35.1,47.6,32.9,5.8,4,4.7,2.2,No Holiday,Yes,56.6
2022-01-15,17,Winter,29.3,62.2,27.0,4.98,5,6.8,1.7,Holiday,No,51.1
2022-01-15,18,Winter,25.8,57.4,24.6,4.38,5,4.0,1.6,No Holiday,Yes,47.6
2022-01-15,19,Autumn,31.8,57.2,29.8,5.44,4,2.1,0.2,Holiday,No,40.6
2022-01-15,20,Summer,32.9,58.9,30.7,4.97,4,3.8,2.3,Holiday,No,50.5
2022-01-15,21,Winter,20.9,54.7,18.5,3.78,4,5.7,1.7,No Holiday,Yes,41.7
2022-01-15,22,Spring,30.0,57.9,28.3,4.73,1,7.5,2.9,No Holiday,Yes,54.8
2022-01-15,23,Autumn,30.5,54.8,28.8,5.73,5,4.5,2.1,No Holiday,Yes,44.2
2022-01-16,0,Winter,25.5,60.7,23.8,2.94,2,7.1,2.7,Holiday,No,45.8
2022-01-16,1,Spring,33.9,46.3,31.6,5.59,1,6.9,2.0,Holiday,No,59.7
2022-01-16,2,Spring,26.2,56.7,23.7,4.64,1,2.6,2.2,No Holiday,Yes,37.0
2022-01-16,3,Summer,27.6,54.3,25.8,3.92,1,7.5,2.9,No Holiday,Yes,55.0
2022-01-16,4,Autumn,26.1,58.9,23.7,4.77,2,5.6,1.8,No Holiday,Yes,43.8
2022-01-16,5,Autumn,27.1,58.8,25.0,4.95,4,2.6,2.5,No Holiday,Yes,40.9
2022-01-16,6,Summer,21.5,55.7,19.6,4.45,5,8.5,1.6,No Holiday,Yes,51.4
2022-01-16,7,Summer,19.8,56.2,17.9,2.65,3,4.7,1.9,Holiday,No,41.4
2022-01-16,8,Autumn,35.0,54.1,32.6,6.18,3,1.1,3.6,No Holiday,Yes,47.9
2022-01-16,9,Autumn,22.8,54.6,20.6,3.91,5,3.6,2.6,No Holiday,Yes,45.5
2022-01-16,10,Winter,22.0,61.8,18.9,4.55,2,3.1,1.5,No Holiday,Yes,38.2
2022-01-16,11,Winter,16.2,58.7,14.7,3.99,3,3.6,2.4,No Holiday,Yes,40.5
2022-01-16,12,Summer,23.8,46.2,21.5,3.94,1,4.1,0.7,No Holiday,Yes,37.4
2022-01-16,13,Winter,20.4,57.4,18.6,4.37,3,4.5,1.8,Holiday,No,37.2
2022-01-16,14,Spring,35.2,50.3,33.6,5.33,5,4.4,1.0,No Holiday,Yes,50.7
2022-01-16,15,Winter,32.0,48.9,30.1,4.17,1,4.8,2.5,Holiday,No,51.4
2022-01-16,16,Winter,23.6,53.0,21.5,4.94,3,6.2,1.8,No Holiday,Yes,44.0
2022-01-16,17,Spring,38.3,54.0,34.8,5.44,5,3.5,2.3,No Holiday,Yes,52.9
2022-01-16,18,Summer,31.9,60.7,30.0,4.76,2,7.4,2.8,No Holiday,Yes,61.5
2022-01-16,19,Spring,25.4,58.6,23.9,4.34,5,2.5,1.5,No Holiday,Yes,39.5
2022-01-16,20,Winter,14.5,58.2,12.4,3.59,2,6.2,1.6,No Holiday,Yes,33.5
2022-01-16,21,Summer,38.5,55.3,37.5,5.82,1,8.3,2.0,Holiday,No,57.8
2022-01-16,22,Winter,20.1,57.1,18.1,4.28,5,4.6,1.1,No Holiday,Yes,46.2
2022-01-16,23,Spring,18.8,56.6,16.8,3.21,4,5.4,2.0,Holiday,No,46.0
2022-01-17,0,Spring,32.1,50.7,29.7,4.84,4,3.1,2.0,No Holiday,Yes,46.1
2022-01-17,1,Winter,39.2,46.2,36.7,5.86,4,4.0,2.2,No Holiday,Yes,57.4
2022-01-17,2,Autumn,33.9,53.3,32.2,6.34,4,8.1,2.4,No Holiday,Yes,60.5
2022-01-17,3,Autumn,29.8,56.7,27.9,4.93,4,6.5,0.4,Holiday,No,54.1
2022-01-17,4,Spring,30.0,55.6,28.4,5.54,2,5.8,0.7,No Holiday,Yes,46.3
2022-01-17,5,Spring,31.3,54.0,29.8,5.15,5,1.1,0.8,No Holiday,Yes,38.1
2022-01-17,6,Autumn,30.8,52.0,28.6,4.84,1,3.6,2.1,No Holiday,Yes,51.5
2022-01-17,7,Autumn,28.4,58.9,27.0,4.72,4,8.5,1.7,Holiday,No,50.7
2022-01-17,8,Winter,27.5,51.5,25.7,4.67,4,5.8,0.0,No Holiday,Yes,46.4
2022-01-17,9,Winter,26.7,60.1,25.2,4.97,1,6.1,3.9,No Holiday,Yes,52.3
2022-01-17,10,Autumn,23.2,54.0,21.0,5.01,1,5.3,0.0,Holiday,No,44.3
2022-01-17,11,Winter,25.6,54.3,22.7,4.74,4,3.8,2.0,No Holiday,Yes,44.2
2022-01-17,12,Winter,18.5,53.6,17.2,4.45,2,5.7,2.6,No Holiday,Yes,42.3
2022-01-17,13,Summer,26.5,55.0,25.4,4.17,1,1.9,1.3,No Holiday,Yes,38.6
2022-01-17,14,Winter,22.1,62.3,20.1,4.0,5,1.8,2.6,No Holiday,Yes,35.3
2022-01-17,15,Spring,21.5,60.6,19.5,3.79,5,3.5,1.0,No Holiday,Yes,38.3
2022-01-17,16,Winter,27.9,60.5,25.8,4.95,2,5.4,2.2,No Holiday,Yes,52.9
2022-01-17,17,Winter,34.0,56.9,32.2,5.22,3,1.9,0.0,Holiday,No,42.9
2022-01-17,18,Autumn,31.6,51.1,29.7,5.52,2,5.3,3.2,No Holiday,Yes,57.3
2022-01-17,19,Spring,19.1,57.9,17.0,3.45,4,3.0,2.0,Holiday,No,39.4
2022-01-17,20,Winter,22.1,55.3,19.5,4.23,3,3.3,0.4,No Holiday,Yes,39.0
2022-01-17,21,Winter,31.7,60.8,30.7,5.51,4,7.6,2.6,No Holiday,Yes,57.1
2022-01-17,22,Summer,22.1,53.6,20.3,3.18,5,5.1,3.6,Holiday,No,44.1
2022-01-17,23,Winter,25.9,60.8,23.8,5.65,1,3.2,1.1,Holiday,No,46.8
2022-01-18,0,Winter,29.8,59.6,28.2,4.83,4,5.4,1.8,No Holiday,Yes,52.6
2022-01-18,1,Summer,22.2,65.7,19.3,3.2,5,2.1,1.5,No Holiday,Yes,36.9
2022-01-18,2,Autumn,27.5,55.1,25.8,4.83,2,5.8,1.2,No Holiday,Yes,53.2
2022-01-18,3,Winter,20.3,61.8,18.4,4.05,4,7.2,1.1,No Holiday,Yes,47.4
2022-01-18,4,Summer,24.0,66.9,21.7,4.36,5,6.3,1.4,No Holiday,Yes,43.0
2022-01-18,5,Spring,28.6,53.9,26.9,5.36,1,9.3,1.4,No Holiday,Yes,55.0
2022-01-18,6,Autumn,19.0,53.1,18.0,4.28,4,1.1,1.6,No Holiday,Yes,34.8
2022-01-18,7,Spring,29.2,48.7,27.4,5.07,5,5.3,1.6,No Holiday,Yes,53.2
2022-01-18,8,Spring,26.9,59.8,24.4,4.92,4,2.3,2.8,No Holiday,Yes,50.4
2022-01-18,9,Summer,29.8,48.5,27.9,4.92,1,4.7,2.7,No Holiday,Yes,49.6
2022-01-18,10,Winter,28.1,55.1,26.5,5.7,4,5.0,0.5,No Holiday,Yes,47.8
2022-01-18,11,Summer,33.8,56.6,31.4,4.64,4,9.6,1.4,No Holiday,Yes,59.3
2022-01-18,12,Summer,27.6,57.5,25.8,4.83,5,4.9,3.3,No Holiday,Yes,46.9
2022-01-18,13,Summer,24.9,59.2,23.1,4.52,3,4.8,2.3,Holiday,No,40.9
2022-01-18,14,Summer,27.6,57.6,25.5,5.17,4,7.0,2.3,No Holiday,Yes,53.7
2022-01-18,15,Autumn,29.7,61.2,27.3,4.55,3,4.9,2.2,No Holiday,Yes,53.8
2022-01-18,16,Winter,27.2,53.0,24.1,3.85,2,8.7,1.7,Holiday,No,56.7
2022-01-18,17,Spring,27.2,54.1,24.8,4.8,4,6.3,2.0,No Holiday,Yes,50.3
2022-01-18,18,Spring,23.5,54.9,20.9,4.49,3,6.7,1.6,No Holiday,Yes,50.9
2022-01-18,19,Winter,23.7,61.2,21.9,5.11,2,1.3,2.9,No Holiday,Yes,47.7
2022-01-18,20,Spring,20.0,62.6,18.5,3.36,5,9.0,1.6,No Holiday,Yes,47.0
2022-01-18,21,Winter,35.7,56.1,33.7,6.15,4,3.7,1.9,No Holiday,Yes,44.3
2022-01-18,22,Spring,20.8,63.5,18.7,5.26,5,5.0,2.7,No Holiday,Yes,44.9
2022-01-18,23,Summer,23.5,53.2,22.1,4.16,2,3.7,1.7,No Holiday,Yes,44.6
2022-01-19,0,Spring,23.4,64.6,21.5,3.7,5,3.0,1.9,Holiday,No,36.1
2022-01-19,1,Winter,31.5,61.7,29.3,4.94,5,2.6,1.6,Holiday,No,48.4
2022-01-19,2,Winter,25.5,60.3,23.3,4.56,1,5.2,1.9,No Holiday,Yes,45.7
2022-01-19,3,Winter,33.2,62.2,31.0,5.61,2,1.1,1.7,No Holiday,Yes,45.3
2022-01-19,4,Winter,23.6,51.3,21.5,4.07,5,4.5,1.5,No Holiday,Yes,39.9
2022-01-19,5,Winter,28.4,54.4,26.6,5.62,3,7.1,1.3,No Holiday,Yes,48.7
2022-01-19,6,Autumn,22.8,55.2,21.1,3.73,2,6.3,1.8,No Holiday,Yes,43.0
2022-01-19,7,Autumn,37.7,56.6,36.3,4.9,1,5.9,3.0,No Holiday,Yes,61.3
2022-01-19,8,Spring,21.1,54.5,18.2,4.66,4,3.2,2.6,No Holiday,Yes,38.1
2022-01-19,9,Winter,28.5,59.5,26.5,3.72,5,1.8,0.4,No Holiday,Yes,40.9
2022-01-19,10,Spring,30.2,61.4,28.3,4.91,3,7.1,1.6,No Holiday,Yes,53.8
2022-01-19,11,Winter,29.1,59.1,27.5,6.47,1,4.1,1.4,No Holiday,Yes,42.9
2022-01-19,12,Winter,26.1,58.3,22.6,4.6,2,4.8,0.4,No Holiday,Yes,44.3
2022-01-19,13,Autumn,26.4,53.1,24.9,4.07,5,4.6,2.3,No Holiday,Yes,47.1
2022-01-19,14,Autumn,27.2,53.4,25.4,4.69,1,6.3,1.9,No Holiday,Yes,53.2
2022-01-19,15,Summer,26.3,62.1,24.1,4.6,1,8.7,4.0,No Holiday,Yes,62.0
2022-01-19,16,Autumn,31.8,58.6,29.5,5.26,3,7.9,1.7,No Holiday,Yes,53.7
2022-01-19,17,Summer,38.1,53.4,35.6,6.14,4,0.3,1.2,No Holiday,Yes,46.7
2022-01-19,18,Summer,24.2,56.1,21.3,3.9,4,4.4,1.1,No Holiday,Yes,36.0
2022-01-19,19,Summer,20.2,50.9,17.9,4.86,4,2.3,1.5,No Holiday,Yes,38.2
2022-01-19,20,Summer,26.6,52.7,25.1,4.78,2,6.9,2.6,No Holiday,Yes,54.8
2022-01-19,21,Summer,39.9,60.7,38.0,6.35,1,5.0,2.7,No Holiday,Yes,51.0
2022-01-19,22,Spring,23.0,53.0,20.8,3.98,2,6.2,4.9,No Holiday,Yes,49.8
2022-01-19,23,Autumn,35.2,55.2,32.2,6.16,1,4.2,0.8,No Holiday,Yes,47.8
2022-01-20,0,Summer,35.4,58.4,34.1,5.41,3,2.9,2.1,No Holiday,Yes,49.2
2022-01-20,1,Winter,24.2,52.7,21.6,4.56,3,3.3,1.3,No Holiday,Yes,38.9
2022-01-20,2,Autumn,29.8,56.8,27.8,4.52,2,1.9,2.4,No Holiday,Yes,44.0
2022-01-20,3,Autumn,35.1,58.2,32.7,5.02,2,2.5,3.4,Holiday,No,54.0
2022-01-20,4,Summer,25.1,57.5,23.2,4.85,3,2.1,2.9,No Holiday,Yes,40.4
2022-01-20,5,Spring,26.0,68.7,24.4,4.38,5,2.9,0.8,Holiday,No,38.3
2022-01-20,6,Summer,24.1,51.1,21.7,3.98,4,2.8,2.7,No Holiday,Yes,40.9
2022-01-20,7,Spring,21.9,62.7,19.6,3.87,4,5.8,0.0,Holiday,No,41.5
2022-01-20,8,Winter,23.8,57.2,21.3,4.72,3,5.7,0.0,Holiday,No,43.0
2022-01-20,9,Autumn,20.9,61.8,18.9,3.77,4,5.8,1.8,Holiday,No,42.1
2022-01-20,10,Winter,27.2,58.6,25.5,4.66,5,7.3,2.6,No Holiday,Yes,54.4
2022-01-20,11,Spring,23.2,55.1,21.9,4.32,5,4.8,2.3,No Holiday,Yes,48.4
2022-01-20,12,Spring,28.2,57.5,25.8,3.86,1,3.4,3.9,Holiday,No,44.3
2022-01-20,13,Winter,19.2,51.8,17.0,3.19,2,9.4,2.1,No Holiday,Yes,51.3
2022-01-20,14,Spring,28.7,58.8,27.1,5.03,4,6.8,1.9,Holiday,No,55.2
2022-01-20,15,Winter,31.2,56.8,29.4,4.75,5,5.3,3.2,No Holiday,Yes,51.8
2022-01-20,16,Autumn,17.0,62.4,15.3,4.23,2,5.2,1.6,No Holiday,Yes,43.3
2022-01-20,17,Winter,28.9,60.6,27.6,5.37,2,5.6,2.4,No Holiday,Yes,50.7
2022-01-20,18,Autumn,33.1,56.5,31.5,5.67,1,4.6,2.4,No Holiday,Yes,48.8
2022-01-20,19,Winter,21.0,59.3,19.5,5.01,2,5.3,1.0,No Holiday,Yes,38.0
2022-01-20,20,Spring,35.4,50.9,33.6,5.49,2,6.0,2.4,No Holiday,Yes,58.8
2022-01-20,21,Winter,29.1,53.4,27.5,5.23,3,3.5,4.2,No Holiday,Yes,51.4
2022-01-20,22,Spring,23.5,62.7,22.3,4.06,1,1.7,3.1,No Holiday,Yes,44.8
2022-01-20,23,Winter,26.7,62.7,23.7,5.9,1,0.8,1.2,No Holiday,Yes,40.0
2022-01-21,0,Winter,29.8,55.1,27.2,5.97,4,6.8,4.3,No Holiday,Yes,56.3
2022-01-21,1,Summer,27.4,57.0,25.8,4.74,2,1.8,2.7,No Holiday,Yes,43.9
2022-01-21,2,Spring,29.7,52.5,27.6,5.16,4,5.9,2.4,No Holiday,Yes,52.1
2022-01-21,3,Summer,22.4,63.0,20.2,4.92,5,2.7,1.9,No Holiday,Yes,38.3
2022-01-21,4,Spring,27.8,59.3,25.3,4.71,2,2.7,2.7,No Holiday,Yes,43.1
2022-01-21,5,Summer,19.9,66.8,18.3,3.66,5,3.6,2.1,Holiday,No,34.4
2022-01-21,6,Autumn,26.4,53.6,23.9,5.08,3,5.4,2.0,No Holiday,Yes,45.4
2022-01-21,7,Winter,22.5,56.7,20.8,4.29,2,2.4,1.9,No Holiday,Yes,38.4
2022-01-21,8,Spring,23.3,58.9,22.0,4.42,4,3.8,3.0,No Holiday,Yes,35.5
2022-01-21,9,Spring,33.2,57.6,30.8,4.9,4,4.9,2.9,No Holiday,Yes,52.1
2022-01-21,10,Winter,32.5,54.4,29.8,4.39,2,2.6,1.9,No Holiday,Yes,49.4
2022-01-21,11,Spring,30.0,52.5,26.8,5.12,4,7.9,0.5,No Holiday,Yes,57.1
2022-01-21,12,Spring,21.5,62.1,20.1,4.61,2,1.6,2.0,Holiday,No,34.9
2022-01-21,13,Summer,25.4,60.3,23.1,4.43,1,4.6,1.3,No Holiday,Yes,42.7
2022-01-21,14,Spring,33.1,51.4,31.3,6.02,4,7.5,1.5,No Holiday,Yes,54.2
2022-01-21,15,Autumn,27.7,62.1,25.3,4.42,2,2.4,1.9,Holiday,No,41.1
2022-01-21,16,Autumn,38.6,58.1,37.3,5.33,2,4.8,0.9,No Holiday,Yes,58.2
2022-01-21,17,Winter,29.0,56.8,27.6,4.86,4,5.3,0.4,No Holiday,Yes,52.0
2022-01-21,18,Spring,28.0,56.9,26.3,4.75,1,3.4,2.3,No Holiday,Yes,40.4
2022-01-21,19,Winter,25.5,59.6,23.4,4.93,4,4.8,2.0,Holiday,No,43.6
2022-01-21,20,Autumn,27.7,53.3,26.0,4.38,2,6.1,2.0,No Holiday,Yes,44.4
2022-01-21,21,Spring,26.2,57.2,23.9,5.31,1,4.1,2.5,No Holiday,Yes,45.7
2022-01-21,22,Spring,30.5,47.2,28.0,6.04,5,6.5,1.3,No Holiday,Yes,50.4
2022-01-21,23,Winter,31.8,59.0,29.5,5.16,3,5.8,2.3,No Holiday,Yes,54.5
2022-01-22,0,Autumn,23.1,51.8,20.3,4.93,4,3.8,3.3,Holiday,No,45.7
2022-01-22,1,Spring,20.3,64.9,18.1,3.51,2,7.3,1.7,No Holiday,Yes,48.3
2022-01-22,2,Winter,17.8,58.3,16.4,4.32,1,3.5,3.9,No Holiday,Yes,35.1
2022-01-22,3,Autumn,29.5,55.3,26.9,5.48,1,6.7,2.0,No Holiday,Yes,52.8
2022-01-22,4,Winter,21.5,56.0,19.8,4.58,5,3.6,1.1,No Holiday,Yes,33.7
2022-01-22,5,Summer,16.2,59.0,13.8,3.62,4,4.4,2.8,Holiday,No,44.2
2022-01-22,6,Spring,28.9,62.0,26.2,3.42,1,4.7,1.9,Holiday,No,47.4
2022-01-22,7,Summer,39.5,43.2,37.2,5.63,5,5.7,3.1,No Holiday,Yes,55.6
2022-01-22,8,Autumn,27.0,62.0,25.7,4.38,2,0.2,2.4,No Holiday,Yes,37.0
2022-01-22,9,Summer,31.2,57.0,29.7,4.63,5,5.9,1.7,No Holiday,Yes,52.8
2022-01-22,10,Summer,27.4,51.9,24.7,4.8,4,4.8,3.5,No Holiday,Yes,51.6
2022-01-22,11,Autumn,26.5,52.7,24.6,4.44,5,5.6,1.5,No Holiday,Yes,51.1
2022-01-22,12,Winter,31.6,62.2,29.6,4.75,1,6.0,0.0,No Holiday,Yes,50.6
2022-01-22,13,Summer,25.5,53.6,23.2,4.03,1,5.8,2.9,No Holiday,Yes,48.0
2022-01-22,14,Winter,28.3,51.9,26.0,4.48,3,1.0,2.3,No Holiday,Yes,42.8
2022-01-22,15,Summer,28.6,61.0,26.5,5.42,5,2.9,3.3,No Holiday,Yes,48.6
2022-01-22,16,Winter,23.7,59.3,21.8,4.04,2,5.7,1.1,No Holiday,Yes,45.3
2022-01-22,17,Autumn,32.0,51.7,30.1,4.94,4,5.4,1.8,No Holiday,Yes,54.0
2022-01-22,18,Summer,26.1,58.0,23.7,4.38,3,3.4,1.6,No Holiday,Yes,41.3
2022-01-22,19,Autumn,23.2,53.9,20.9,4.49,5,6.5,2.9,No Holiday,Yes,48.6
2022-01-22,20,Summer,29.7,60.5,27.8,5.2,2,4.5,2.7,No Holiday,Yes,43.6
2022-01-22,21,Autumn,22.5,62.5,20.0,2.73,3,6.8,2.2,No Holiday,Yes,52.2
2022-01-22,22,Autumn,27.1,59.0,25.2,5.22,1,7.4,2.2,Holiday,No,51.4
2022-01-22,23,Summer,27.0,58.4,25.4,5.41,4,5.6,0.8,No Holiday,Yes,51.1
2022-01-23,0,Summer,32.4,62.3,30.8,4.72,5,6.1,2.8,No Holiday,Yes,53.5
2022-01-23,1,Summer,29.4,56.2,27.9,4.45,2,3.8,2.8,No Holiday,Yes,49.0
2022-01-23,2,Spring,26.9,52.2,25.0,4.46,1,6.8,4.3,No Holiday,Yes,54.3
2022-01-23,3,Winter,31.1,57.5,28.5,4.73,3,5.4,2.5,No Holiday,Yes,50.5
2022-01-23,4,Spring,34.0,63.2,32.4,5.51,4,4.4,2.6,No Holiday,Yes,54.5
2022-01-23,5,Spring,29.8,52.0,27.7,4.01,3,2.6,2.5,No Holiday,Yes,49.1
2022-01-23,6,Autumn,27.1,55.4,25.4,4.15,3,4.0,1.3,Holiday,No,49.8
2022-01-23,7,Summer,20.4,60.5,18.6,4.81,2,2.8,3.2,No Holiday,Yes,42.0
2022-01-23,8,Winter,21.7,58.3,20.4,3.7,1,6.5,1.9,No Holiday,Yes,42.6
2022-01-23,9,Autumn,25.5,53.4,23.6,5.17,5,7.4,1.8,Holiday,No,46.4
2022-01-23,10,Spring,24.0,62.3,22.0,4.57,2,6.8,1.9,No Holiday,Yes,52.2
2022-01-23,11,Summer,26.1,66.5,23.8,3.7,4,10.0,1.9,No Holiday,Yes,54.0
2022-01-23,12,Autumn,27.3,57.6,25.2,5.05,3,4.1,1.5,Holiday,No,47.0
2022-01-23,13,Summer,29.6,52.5,28.2,4.91,4,6.2,2.2,No Holiday,Yes,52.5
2022-01-23,14,Autumn,26.6,50.8,24.1,4.44,2,2.6,1.9,No Holiday,Yes,45.9
2022-01-23,15,Summer,29.4,57.2,27.3,5.07,2,4.6,1.8,No Holiday,Yes,49.9
2022-01-23,16,Spring,27.3,61.2,25.2,4.97,5,2.0,2.5,No Holiday,Yes,42.7
2022-01-23,17,Winter,17.1,61.8,15.1,4.07,3,6.1,2.1,No Holiday,Yes,48.4
2022-01-23,18,Spring,22.3,58.3,20.6,4.82,2,4.3,1.4,Holiday,No,44.0
2022-01-23,19,Winter,26.3,54.8,24.2,4.83,4,0.9,1.2,No Holiday,Yes,39.1
2022-01-23,20,Summer,21.0,54.3,18.7,3.41,5,3.6,2.1,No Holiday,Yes,37.8
2022-01-23,21,Autumn,30.0,59.3,28.9,4.76,4,8.6,1.3,No Holiday,Yes,52.6
2022-01-23,22,Spring,34.7,58.3,32.9,6.94,3,5.8,1.2,Holiday,No,53.3
2022-01-23,23,Winter,33.1,48.9,31.2,5.67,5,6.5,1.2,No Holiday,Yes,49.3
2022-01-24,0,Spring,25.9,63.6,23.8,5.78,5,5.3,2.3,No Holiday,Yes,46.8
2022-01-24,1,Winter,34.5,57.0,31.9,6.14,5,4.6,3.2,Holiday,No,56.9
2022-01-24,2,Spring,27.7,62.3,26.1,4.9,1,5.0,2.3,No Holiday,Yes,51.8
2022-01-24,3,Winter,25.3,52.0,23.6,4.68,5,5.5,2.9,Holiday,No,47.1
2022-01-24,4,Winter,23.9,52.4,22.2,4.38,4,2.8,1.9,No Holiday,Yes,49.1
2022-01-24,5,Summer,25.5,56.8,23.9,3.68,4,6.5,2.1,No Holiday,Yes,53.3
2022-01-24,6,Winter,25.1,59.5,23.2,4.51,3,7.2,3.7,Holiday,No,52.9
2022-01-24,7,Summer,27.9,63.8,25.5,5.39,2,4.6,2.8,No Holiday,Yes,52.4
2022-01-24,8,Winter,27.8,59.5,26.3,4.48,2,4.0,2.9,Holiday,No,45.8
2022-01-24,9,Autumn,27.0,55.9,24.8,4.91,1,3.5,1.7,No Holiday,Yes,44.8
2022-01-24,10,Autumn,29.2,52.1,28.0,5.34,5,8.5,2.0,No Holiday,Yes,54.9
2022-01-24,11,Autumn,33.0,60.0,31.2,4.84,1,4.1,2.4,No Holiday,Yes,47.5
2022-01-24,12,Winter,31.7,51.6,29.9,4.95,3,6.3,1.4,No Holiday,Yes,54.3
2022-01-24,13,Summer,19.6,65.6,16.7,3.45,3,4.6,0.0,Holiday,No,38.2
2022-01-24,14,Summer,14.2,59.6,12.4,3.01,2,4.5,2.4,No Holiday,Yes,37.2
2022-01-24,15,Winter,31.7,61.9,30.8,4.52,3,3.5,3.0,No Holiday,Yes,49.7
2022-01-24,16,Autumn,20.2,61.7,19.2,3.57,5,3.1,2.1,Holiday,No,35.7
2022-01-24,17,Autumn,25.9,56.7,23.9,5.3,4,6.5,1.4,No Holiday,Yes,53.4
2022-01-24,18,Summer,21.1,56.6,18.8,3.66,3,3.0,1.7,No Holiday,Yes,39.0
2022-01-24,19,Autumn,18.0,58.2,15.8,3.86,1,5.9,0.0,No Holiday,Yes,38.4
2022-01-24,20,Spring,29.7,57.8,27.6,4.72,5,5.2,1.7,Holiday,No,45.6
2022-01-24,21,Summer,30.8,56.1,28.2,5.67,3,6.5,0.9,No Holiday,Yes,56.0
2022-01-24,22,Autumn,24.1,55.4,22.4,5.07,3,3.8,1.3,No Holiday,Yes,44.3
2022-01-24,23,Summer,14.0,60.1,11.6,3.84,5,7.2,0.8,No Holiday,Yes,39.8
2022-01-25,0,Spring,24.3,58.0,23.1,4.58,3,4.7,0.7,No Holiday,Yes,39.0
2022-01-25,1,Summer,29.0,47.8,27.4,4.78,4,10.0,1.0,No Holiday,Yes,62.0
2022-01-25,2,Summer,19.6,61.0,18.5,3.36,2,1.8,2.6,No Holiday,Yes,35.1
2022-01-25,3,Summer,27.9,52.7,26.1,5.76,5,9.9,1.5,No Holiday,Yes,54.9
2022-01-25,4,Summer,26.9,52.3,24.9,4.31,1,4.7,0.9,No Holiday,Yes,44.8
2022-01-25,5,Spring,29.9,49.3,27.8,5.32,3,5.4,2.8,No Holiday,Yes,52.5
2022-01-25,6,Winter,27.6,49.5,25.6,5.29,2,3.8,2.1,No Holiday,Yes,44.8
2022-01-25,7,Summer,22.1,52.9,20.6,3.94,1,1.9,0.0,No Holiday,Yes,23.9
2022-01-25,8,Summer,33.0,52.3,31.1,5.82,1,3.9,3.0,No Holiday,Yes,52.1
2022-01-25,9,Autumn,26.2,65.0,25.0,5.0,4,4.3,2.1,No Holiday,Yes,48.6
2022-01-25,10,Summer,26.9,54.8,24.2,5.55,2,5.4,2.8,No Holiday,Yes,46.4
2022-01-25,11,Autumn,22.3,59.0,20.5,4.0,5,7.2,1.8,No Holiday,Yes,52.6
2022-01-25,12,Winter,24.8,59.2,23.0,3.84,2,5.4,3.6,No Holiday,Yes,51.6
2022-01-25,13,Spring,22.6,58.8,19.8,4.0,2,5.4,1.6,No Holiday,Yes,45.7
2022-01-25,14,Spring,26.1,56.8,24.8,4.72,1,5.8,0.0,No Holiday,Yes,42.2
2022-01-25,15,Winter,35.6,49.6,34.1,5.58,4,1.5,1.1,Holiday,No,46.4
2022-01-25,16,Spring,20.1,64.8,18.7,3.82,4,1.7,2.5,No Holiday,Yes,37.5
2022-01-25,17,Winter,18.9,66.5,17.0,2.94,2,2.0,2.2,No Holiday,Yes,35.5
2022-01-25,18,Winter,34.4,48.0,32.1,5.67,2,4.3,1.9,No Holiday,Yes,53.9
2022-01-25,19,Winter,26.0,53.1,23.6,5.58,3,1.3,1.0,No Holiday,Yes,36.4
2022-01-25,20,Spring,23.7,56.8,20.4,4.6,1,3.6,2.0,Holiday,No,41.2
2022-01-25,21,Autumn,32.2,51.5,31.3,5.52,5,2.3,2.0,No Holiday,Yes,43.8
2022-01-25,22,Winter,24.0,59.8,21.7,4.68,5,6.0,2.0,No Holiday,Yes,45.7
2022-01-25,23,Summer,36.1,51.2,34.4,5.81,4,5.9,2.5,No Holiday,Yes,56.6
2022-01-26,0,Spring,30.4,64.5,28.7,5.5,1,4.4,2.2,No Holiday,Yes,49.1
2022-01-26,1,Winter,24.6,62.4,22.9,4.65,4,1.2,1.7,No Holiday,Yes,37.1
2022-01-26,2,Winter,37.8,54.5,36.2,5.62,5,4.5,1.0,Holiday,No,56.3
2022-01-26,3,Summer,24.0,61.9,21.1,4.0,2,5.7,3.4,Holiday,No,53.1
2022-01-26,4,Autumn,30.7,60.2,28.3,4.95,1,6.6,4.0,Holiday,No,52.9
2022-01-26,5,Autumn,28.5,54.2,26.5,5.01,1,8.5,3.7,No Holiday,Yes,62.6
2022-01-26,6,Autumn,33.5,51.7,30.8,5.19,3,7.2,2.7,No Holiday,Yes,59.9
2022-01-26,7,Winter,34.8,54.9,33.6,5.64,2,5.3,0.3,No Holiday,Yes,49.1
2022-01-26,8,Winter,27.2,60.3,25.8,4.94,2,4.4,0.2,No Holiday,Yes,42.9
2022-01-26,9,Winter,23.2,58.6,22.3,4.74,4,3.5,1.5,No Holiday,Yes,41.6
2022-01-26,10,Spring,29.3,49.9,27.6,5.57,1,7.7,1.9,No Holiday,Yes,49.3
2022-01-26,11,Summer,23.6,54.7,21.5,4.4,4,5.3,1.9,No Holiday,Yes,44.9
2022-01-26,12,Winter,37.1,53.6,35.0,5.05,2,6.3,2.2,No Holiday,Yes,59.7
2022-01-26,13,Summer,27.7,56.4,25.6,4.6,3,3.8,0.6,Holiday,No,41.3
2022-01-26,14,Summer,25.2,65.3,23.9,4.54,1,2.5,3.6,No Holiday,Yes,39.4
2022-01-26,15,Autumn,27.9,51.1,25.5,3.87,2,4.2,3.5,No Holiday,Yes,49.1
2022-01-26,16,Spring,20.3,60.9,18.1,4.72,3,4.4,0.7,No Holiday,Yes,45.7
2022-01-26,17,Winter,22.1,64.3,19.8,4.29,5,5.4,0.1,No Holiday,Yes,39.8
2022-01-26,18,Autumn,33.0,64.2,31.9,5.49,2,3.5,1.9,No Holiday,Yes,47.5
2022-01-26,19,Autumn,23.7,56.3,21.6,5.05,5,5.0,3.3,No Holiday,Yes,46.2
2022-01-26,20,Winter,21.8,60.4,20.4,3.86,4,7.4,2.0,No Holiday,Yes,52.8
2022-01-26,21,Summer,29.7,58.4,27.9,5.26,5,1.7,2.3,No Holiday,Yes,38.4
2022-01-26,22,Autumn,32.9,55.9,30.7,5.24,2,0.8,1.6,No Holiday,Yes,45.3
2022-01-26,23,Summer,30.6,55.4,28.5,4.97,5,7.5,2.1,No Holiday,Yes,54.0
2022-01-27,0,Spring,32.0,57.1,30.4,4.81,1,2.1,2.9,No Holiday,Yes,45.8
2022-01-27,1,Summer,23.2,47.9,21.2,5.15,2,4.2,2.4,Holiday,No,40.0
2022-01-27,2,Spring,19.9,61.8,18.7,3.8,3,6.2,2.6,No Holiday,Yes,44.6
2022-01-27,3,Summer,34.5,55.2,31.9,5.8,5,4.9,0.3,No Holiday,Yes,47.7
2022-01-27,4,Autumn,25.4,56.5,23.5,3.6,1,4.9,4.1,No Holiday,Yes,47.4
2022-01-27,5,Autumn,25.7,65.5,23.2,5.16,4,5.1,0.3,No Holiday,Yes,37.3
2022-01-27,6,Spring,33.6,52.2,31.9,5.89,4,10.0,2.2,No Holiday,Yes,57.6
2022-01-27,7,Winter,29.8,54.5,28.0,5.03,5,8.6,1.8,No Holiday,Yes,57.5
2022-01-27,8,Spring,29.3,64.2,27.7,4.81,4,3.6,1.9,Holiday,No,50.5
2022-01-27,9,Spring,37.8,50.3,35.4,5.98,3,7.1,2.9,No Holiday,Yes,71.0
2022-01-27,10,Summer,23.8,55.7,22.1,5.52,2,6.0,1.3,No Holiday,Yes,48.5
2022-01-27,11,Summer,31.6,54.9,29.3,4.28,1,5.0,1.6,Holiday,No,48.8
2022-01-27,12,Spring,27.3,60.2,25.5,5.12,5,3.2,0.9,No Holiday,Yes,36.5
2022-01-27,13,Autumn,28.3,57.3,27.3,4.38,4,5.9,3.1,No Holiday,Yes,53.6
2022-01-27,14,Summer,34.6,49.4,32.9,5.45,2,4.4,2.3,No Holiday,Yes,48.0
2022-01-27,15,Winter,29.5,54.0,28.1,4.83,3,4.2,2.6,No Holiday,Yes,46.3
2022-01-27,16,Summer,29.7,53.7,27.7,4.75,4,3.5,2.8,No Holiday,Yes,50.2
2022-01-27,17,Summer,32.4,55.0,31.0,5.23,4,7.0,4.0,Holiday,No,59.5
2022-01-27,18,Winter,25.2,59.2,22.7,3.95,1,3.5,3.8,No Holiday,Yes,43.0
2022-01-27,19,Spring,22.8,59.8,20.8,4.79,3,3.5,2.3,No Holiday,Yes,36.6
2022-01-27,20,Winter,21.8,51.4,19.9,3.28,3,6.6,2.2,No Holiday,Yes,47.0
2022-01-27,21,Spring,17.2,64.1,14.8,3.99,5,4.7,1.5,No Holiday,Yes,39.6
2022-01-27,22,Spring,37.3,54.8,34.8,5.56,1,4.8,2.7,No Holiday,Yes,60.7
2022-01-27,23,Spring,21.5,64.1,19.5,3.56,5,7.1,2.7,No Holiday,Yes,41.1
2022-01-28,0,Winter,25.9,59.0,24.3,4.69,1,7.6,1.3,No Holiday,Yes,51.2
2022-01-28,1,Spring,25.6,61.7,24.5,3.78,3,0.7,2.7,No Holiday,Yes,41.9
2022-01-28,2,Autumn,28.5,58.3,26.9,4.87,1,4.7,3.0,No Holiday,Yes,48.5
2022-01-28,3,Winter,31.1,61.1,29.4,4.4,1,2.2,0.9,No Holiday,Yes,38.8
2022-01-28,4,Autumn,31.3,57.7,29.2,5.36,1,4.2,2.2,No Holiday,Yes,46.9
2022-01-28,5,Spring,24.1,57.4,22.3,3.95,2,5.0,1.9,No Holiday,Yes,45.1
2022-01-28,6,Summer,26.2,66.2,23.8,4.39,2,4.3,2.0,Holiday,No,44.4
2022-01-28,7,Spring,28.4,60.0,26.7,4.99,3,2.9,1.0,No Holiday,Yes,44.1
2022-01-28,8,Autumn,25.8,59.6,23.8,4.19,1,2.8,0.2,No Holiday,Yes,43.4
2022-01-28,9,Autumn,35.0,49.4,32.4,5.47,3,6.5,1.2,No Holiday,Yes,54.1
2022-01-28,10,Winter,29.5,51.0,27.3,4.19,2,8.1,1.1,No Holiday,Yes,57.6
2022-01-28,11,Summer,30.7,57.0,28.7,5.38,1,0.9,2.4,No Holiday,Yes,42.3
2022-01-28,12,Winter,30.3,56.5,28.6,5.91,5,4.3,2.4,No Holiday,Yes,50.3
2022-01-28,13,Autumn,32.9,52.7,31.2,6.68,2,6.5,2.3,Holiday,No,55.0
2022-01-28,14,Spring,27.9,57.2,26.3,4.84,2,4.9,0.6,No Holiday,Yes,47.1
2022-01-28,15,Summer,20.5,65.2,18.8,4.45,2,2.8,0.9,No Holiday,Yes,38.2
2022-01-28,16,Spring,29.0,59.1,26.6,4.01,1,4.0,1.4,No Holiday,Yes,48.2
2022-01-28,17,Spring,23.7,53.3,21.9,5.13,4,5.6,2.0,No Holiday,Yes,45.9
2022-01-28,18,Summer,24.4,57.2,23.0,4.82,5,4.4,1.7,No Holiday,Yes,33.6
2022-01-28,19,Winter,29.9,52.8,27.0,4.75,5,4.9,2.3,Holiday,No,51.6
2022-01-28,20,Spring,33.2,53.5,31.0,5.94,3,5.0,3.0,No Holiday,Yes,47.7
2022-01-28,21,Autumn,27.1,55.2,25.8,4.58,1,4.0,1.0,Holiday,No,42.0
2022-01-28,22,Spring,28.5,54.5,26.8,4.63,2,6.6,1.0,No Holiday,Yes,43.2
2022-01-28,23,Summer,35.5,49.3,33.5,5.79,4,4.0,2.1,No Holiday,Yes,57.3
2022-01-29,0,Summer,28.2,56.0,25.4,4.29,1,3.0,1.9,No Holiday,Yes,45.5
2022-01-29,1,Summer,40.0,50.8,38.6,6.51,1,9.5,2.7,No Holiday,Yes,66.6
2022-01-29,2,Winter,29.8,44.3,27.3,4.45,4,4.8,2.0,No Holiday,Yes,53.0
2022-01-29,3,Spring,18.2,67.8,15.5,3.29,2,0.0,3.7,Holiday,No,35.2
2022-01-29,4,Winter,30.8,60.1,29.1,4.62,1,7.5,0.4,No Holiday,Yes,53.6
2022-01-29,5,Winter,28.9,54.8,27.0,5.27,5,7.5,2.8,Holiday,No,56.3
2022-01-29,6,Summer,33.4,55.0,32.0,5.04,5,5.9,2.2,No Holiday,Yes,53.5
2022-01-29,7,Summer,30.4,51.2,28.5,4.36,4,6.3,0.6,Holiday,No,46.6
2022-01-29,8,Winter,26.3,63.9,24.3,4.33,2,9.3,0.0,No Holiday,Yes,55.8
2022-01-29,9,Spring,20.9,66.3,18.5,4.07,4,3.1,0.9,No Holiday,Yes,37.3
2022-01-29,10,Autumn,26.0,57.8,23.4,4.01,1,5.3,3.2,No Holiday,Yes,43.7
2022-01-29,11,Winter,22.7,62.3,21.1,3.7,5,8.9,3.1,Holiday,No,55.4
2022-01-29,12,Spring,24.1,58.5,23.1,5.47,3,9.4,1.9,No Holiday,Yes,53.9
2022-01-29,13,Summer,29.9,50.7,28.0,4.56,4,4.3,1.6,No Holiday,Yes,52.6
2022-01-29,14,Summer,35.3,52.7,33.2,5.37,3,9.0,1.1,No Holiday,Yes,61.5
2022-01-29,15,Spring,29.0,56.8,26.8,4.71,3,6.6,1.8,Holiday,No,48.4
2022-01-29,16,Autumn,21.0,56.9,19.2,3.89,5,8.0,1.5,No Holiday,Yes,42.6
2022-01-29,17,Summer,29.2,55.4,27.2,5.23,4,6.5,3.7,No Holiday,Yes,58.6
2022-01-29,18,Summer,33.0,54.7,30.2,5.77,3,5.6,0.8,Holiday,No,51.3
2022-01-29,19,Summer,24.0,57.5,21.8,4.24,1,9.4,2.4,No Holiday,Yes,51.9
2022-01-29,20,Spring,26.3,57.3,24.5,4.01,2,3.9,3.8,No Holiday,Yes,45.3
2022-01-29,21,Winter,27.1,52.6,25.3,5.34,2,8.8,2.8,No Holiday,Yes,60.0
2022-01-29,22,Summer,23.1,55.2,21.2,4.26,5,9.1,0.9,Holiday,No,52.2
2022-01-29,23,Winter,30.2,50.8,27.4,5.89,4,7.7,0.5,Holiday,No,56.2
2022-01-30,0,Autumn,26.4,61.0,24.5,3.52,4,4.9,2.3,No Holiday,Yes,48.0
2022-01-30,1,Summer,29.1,47.8,27.1,5.01,2,5.5,2.2,No Holiday,Yes,47.4
2022-01-30,2,Summer,22.6,62.8,20.8,5.22,1,2.5,3.2,No Holiday,Yes,46.3
2022-01-30,3,Autumn,24.8,63.1,22.3,4.3,2,4.1,2.5,No Holiday,Yes,43.8
2022-01-30,4,Summer,30.6,54.6,27.6,4.95,2,6.2,1.5,No Holiday,Yes,54.4
2022-01-30,5,Winter,25.1,47.0,22.9,4.66,4,2.1,1.4,Holiday,No,42.2
2022-01-30,6,Spring,35.6,52.9,33.6,5.28,3,4.4,0.7,Holiday,No,51.0
2022-01-30,7,Winter,25.0,57.2,23.0,4.34,1,8.9,2.1,No Holiday,Yes,50.5
2022-01-30,8,Spring,28.1,52.5,27.3,4.64,4,4.7,0.6,No Holiday,Yes,43.4
2022-01-30,9,Spring,31.7,53.4,29.3,4.85,2,7.1,2.9,No Holiday,Yes,58.5
2022-01-30,10,Winter,19.9,65.1,17.8,4.61,3,6.1,2.6,No Holiday,Yes,46.9
2022-01-30,11,Winter,18.2,62.2,16.0,4.05,1,4.4,2.6,Holiday,No,44.2
2022-01-30,12,Winter,19.4,55.5,17.7,4.06,5,4.7,0.7,No Holiday,Yes,42.1
2022-01-30,13,Winter,33.3,48.6,31.5,5.74,1,5.3,1.9,No Holiday,Yes,49.7
2022-01-30,14,Autumn,24.2,56.4,22.4,4.29,1,0.9,1.6,No Holiday,Yes,40.8
2022-01-30,15,Summer,39.8,52.2,37.3,5.59,2,6.9,2.1,No Holiday,Yes,58.3
2022-01-30,16,Spring,24.2,59.7,22.4,4.12,2,4.8,2.5,Holiday,No,47.4
2022-01-30,17,Winter,27.9,54.5,24.9,4.79,5,7.0,1.5,No Holiday,Yes,58.5
2022-01-30,18,Winter,34.7,56.6,32.5,4.94,5,5.8,1.5,No Holiday,Yes,55.4
2022-01-30,19,Winter,37.0,61.6,35.7,5.45,5,4.7,2.7,No Holiday,Yes,50.7
2022-01-30,20,Autumn,37.3,57.1,35.4,5.47,4,5.4,0.9,No Holiday,Yes,53.8
2022-01-30,21,Winter,33.0,54.9,31.4,6.37,4,5.4,1.3,No Holiday,Yes,58.4
2022-01-30,22,Winter,32.1,54.6,31.2,3.83,2,8.0,2.0,No Holiday,Yes,56.7
2022-01-30,23,Winter,30.0,54.6,27.2,4.91,2,5.1,2.9,No Holiday,Yes,55.3
2022-01-31,0,Summer,30.9,60.5,28.5,5.95,5,5.6,1.0,No Holiday,Yes,47.6
2022-01-31,1,Autumn,24.2,55.2,22.0,4.49,4,2.5,3.8,No Holiday,Yes,41.7
2022-01-31,2,Winter,22.9,58.3,20.8,4.67,3,4.9,0.6,No Holiday,Yes,41.4
2022-01-31,3,Spring,27.0,57.1,25.7,4.75,4,7.9,3.6,No Holiday,Yes,61.4
2022-01-31,4,Spring,26.1,55.1,24.4,4.28,2,5.9,3.2,No Holiday,Yes,49.3
2022-01-31,5,Spring,24.7,52.1,22.3,3.35,4,2.8,0.6,No Holiday,Yes,33.3
2022-01-31,6,Autumn,30.5,57.1,29.0,5.15,2,3.1,0.4,No Holiday,Yes,51.0
2022-01-31,7,Autumn,31.8,55.2,31.0,4.79,5,3.5,2.7,No Holiday,Yes,50.0
2022-01-31,8,Spring,27.4,58.8,25.6,4.34,5,7.0,1.6,No Holiday,Yes,53.3
2022-01-31,9,Winter,34.4,52.5,32.5,5.19,5,6.8,1.0,No Holiday,Yes,50.3
2022-01-31,10,Autumn,21.3,63.5,19.2,5.0,3,0.0,3.8,No Holiday,Yes,36.7
2022-01-31,11,Spring,26.0,53.7,23.7,5.81,3,4.8,0.8,Holiday,No,44.5
2022-01-31,12,Spring,23.4,64.8,21.1,4.45,2,5.3,1.3,No Holiday,Yes,41.6
2022-01-31,13,Winter,17.7,52.7,15.5,3.53,1,3.1,1.4,No Holiday,Yes,37.0
2022-01-31,14,Summer,26.6,58.8,24.0,4.07,3,4.2,0.0,No Holiday,Yes,37.5
2022-01-31,15,Autumn,26.4,59.0,25.2,4.87,2,7.7,2.1,No Holiday,Yes,49.6
2022-01-31,16,Winter,34.6,51.4,32.3,6.35,4,5.8,1.1,No Holiday,Yes,57.1
2022-01-31,17,Spring,30.2,57.7,27.8,4.89,5,4.0,2.8,No Holiday,Yes,47.0
2022-01-31,18,Spring,21.9,63.6,20.5,3.0,5,4.6,2.9,No Holiday,Yes,42.9
2022-01-31,19,Winter,36.3,45.3,35.0,5.96,5,4.5,2.2,No Holiday,Yes,54.0
2022-01-31,20,Autumn,33.1,57.1,31.5,5.8,2,5.6,2.2,No Holiday,Yes,52.7
2022-01-31,21,Summer,29.9,46.1,28.2,4.2,5,2.1,2.2,No Holiday,Yes,45.8
2022-01-31,22,Summer,25.9,53.4,23.5,4.68,3,3.7,1.3,No Holiday,Yes,43.2
2022-01-31,23,Spring,22.2,64.9,20.5,4.45,4,7.1,1.4,No Holiday,Yes,42.7
2022-02-01,0,Autumn,25.1,55.1,23.6,4.48,5,4.9,3.3,No Holiday,Yes,45.4
2022-02-01,1,Summer,32.4,50.6,30.7,4.85,2,3.3,2.7,No Holiday,Yes,46.7
2022-02-01,2,Autumn,36.4,53.3,33.9,6.15,4,3.4,2.2,No Holiday,Yes,50.5
2022-02-01,3,Autumn,34.7,62.9,32.7,5.27,5,6.4,2.6,No Holiday,Yes,58.0
2022-02-01,4,Spring,24.6,50.3,22.6,3.71,1,4.0,1.9,No Holiday,Yes,43.9
2022-02-01,5,Summer,21.4,54.4,19.5,3.12,5,6.0,2.2,No Holiday,Yes,38.1
2022-02-01,6,Winter,27.7,62.7,25.1,5.4,3,3.7,2.6,No Holiday,Yes,49.8
2022-02-01,7,Spring,18.2,67.0,16.5,4.12,4,2.7,0.0,No Holiday,Yes,33.1
2022-02-01,8,Summer,28.6,56.0,26.0,4.91,3,5.5,2.9,No Holiday,Yes,47.7
2022-02-01,9,Summer,26.3,52.2,24.2,4.41,1,4.8,2.8,Holiday,No,50.3
2022-02-01,10,Summer,24.7,66.0,22.8,4.2,1,6.4,1.2,No Holiday,Yes,41.3
2022-02-01,11,Summer,19.0,65.7,15.8,3.36,3,6.8,3.2,No Holiday,Yes,42.2
2022-02-01,12,Summer,29.6,58.8,28.1,4.74,4,4.3,0.0,No Holiday,Yes,51.6
2022-02-01,13,Autumn,24.3,54.4,22.5,3.37,1,5.7,2.4,No Holiday,Yes,47.6
2022-02-01,14,Spring,21.2,58.5,19.8,3.75,1,4.2,2.0,No Holiday,Yes,39.1
2022-02-01,15,Autumn,12.6,60.6,10.2,3.11,5,6.3,1.7,No Holiday,Yes,38.5
2022-02-01,16,Winter,26.9,58.3,24.0,4.99,2,5.5,2.0,No Holiday,Yes,47.8
2022-02-01,17,Summer,35.9,60.0,33.0,5.57,1,3.8,2.6,No Holiday,Yes,53.2
2022-02-01,18,Spring,35.3,57.9,32.7,5.93,4,3.6,0.2,No Holiday,Yes,50.1
2022-02-01,19,Summer,24.7,53.3,22.8,5.15,4,5.5,3.0,No Holiday,Yes,47.4
2022-02-01,20,Spring,24.0,63.3,22.2,4.93,5,7.3,1.6,No Holiday,Yes,50.5
2022-02-01,21,Autumn,29.3,57.4,28.2,5.17,4,6.8,3.0,Holiday,No,54.0
2022-02-01,22,Spring,22.0,61.1,19.0,4.21,5,3.1,2.6,No Holiday,Yes,38.4
2022-02-01,23,Winter,28.5,62.3,26.3,4.36,1,3.3,1.6,No Holiday,Yes,41.6
2022-02-02,0,Winter,30.8,51.3,29.1,5.45,1,3.6,1.9,No Holiday,Yes,51.3
2022-02-02,1,Spring,33.1,54.9,30.5,6.15,1,3.8,2.0,Holiday,No,51.8
2022-02-02,2,Spring,26.5,54.9,25.0,4.82,1,1.4,3.6,No Holiday,Yes,45.2
2022-02-02,3,Spring,26.0,50.9,23.8,5.56,2,6.6,0.9,No Holiday,Yes,47.8
2022-02-02,4,Spring,22.6,59.6,20.7,3.5,2,4.1,1.6,No Holiday,Yes,42.3
2022-02-02,5,Winter,22.9,68.2,20.5,3.71,1,5.9,0.4,No Holiday,Yes,43.6
2022-02-02,6,Summer,25.9,49.9,23.9,5.01,4,4.4,2.1,No Holiday,Yes,48.6
2022-02-02,7,Spring,28.8,56.2,27.6,5.02,5,5.0,1.4,No Holiday,Yes,46.8
2022-02-02,8,Spring,31.6,58.1,29.5,5.81,3,3.6,1.5,No Holiday,Yes,44.7
2022-02-02,9,Winter,23.0,58.6,20.5,4.29,5,4.9,3.5,No Holiday,Yes,48.0
2022-02-02,10,Winter,34.5,54.2,32.5,5.01,3,3.3,1.2,No Holiday,Yes,48.1
2022-02-02,11,Autumn,25.6,52.1,23.3,4.46,3,5.0,1.8,No Holiday,Yes,46.5
2022-02-02,12,Spring,26.9,57.9,25.4,3.92,1,7.9,1.5,No Holiday,Yes,54.7
2022-02-02,13,Autumn,23.3,55.0,21.3,3.76,3,6.0,1.6,No Holiday,Yes,44.1
2022-02-02,14,Winter,14.9,51.8,13.2,3.97,1,5.6,4.8,No Holiday,Yes,42.2
2022-02-02,15,Winter,31.4,60.4,29.0,5.58,2,2.4,0.3,No Holiday,Yes,42.3
2022-02-02,16,Summer,30.7,59.6,28.7,5.25,4,6.1,2.6,No Holiday,Yes,57.6
2022-02-02,17,Spring,25.6,57.5,23.2,3.7,3,6.3,4.4,Holiday,No,52.7
2022-02-02,18,Autumn,27.3,57.7,24.8,4.55,4,5.5,3.1,No Holiday,Yes,50.9
2022-02-02,19,Winter,29.6,60.4,27.2,4.35,1,5.4,2.0,No Holiday,Yes,47.1
2022-02-02,20,Winter,19.2,60.1,17.1,4.51,3,4.7,0.8,Holiday,No,41.2
2022-02-02,21,Autumn,24.4,61.3,22.9,4.14,5,6.3,3.3,Holiday,No,51.4
2022-02-02,22,Summer,31.0,54.5,29.0,4.55,2,7.8,2.9,Holiday,No,55.0
2022-02-02,23,Winter,20.7,64.0,19.0,4.09,2,5.7,0.5,No Holiday,Yes,47.6
2022-02-03,0,Spring,28.5,57.7,26.6,4.53,3,3.1,1.7,Holiday,No,45.3
2022-02-03,1,Winter,20.2,59.7,18.4,4.76,2,3.2,0.8,No Holiday,Yes,34.9
2022-02-03,2,Spring,29.3,51.1,27.8,4.57,5,6.5,0.0,No Holiday,Yes,48.9
2022-02-03,3,Autumn,26.8,58.1,25.8,3.98,4,3.1,0.8,No Holiday,Yes,40.6
2022-02-03,4,Spring,18.9,56.0,17.3,2.82,5,5.4,2.1,No Holiday,Yes,46.5
2022-02-03,5,Autumn,32.8,52.6,30.7,5.27,2,4.3,2.6,No Holiday,Yes,54.2
2022-02-03,6,Spring,23.3,54.7,22.0,4.05,4,2.9,1.7,No Holiday,Yes,41.0
2022-02-03,7,Autumn,22.9,53.9,20.9,3.58,5,6.7,3.4,No Holiday,Yes,54.6
2022-02-03,8,Spring,28.0,65.1,25.1,5.39,1,6.4,3.0,No Holiday,Yes,49.9
2022-02-03,9,Summer,32.7,60.5,30.2,5.61,1,2.3,1.9,No Holiday,Yes,48.9
2022-02-03,10,Spring,21.9,66.1,19.1,4.18,4,6.0,1.7,No Holiday,Yes,47.0
2022-02-03,11,Spring,27.3,51.9,25.1,5.41,4,5.7,2.4,No Holiday,Yes,48.7
2022-02-03,12,Summer,29.1,56.5,26.6,5.25,4,6.7,2.0,No Holiday,Yes,51.8
2022-02-03,13,Winter,30.5,50.7,28.8,4.64,1,5.3,0.6,No Holiday,Yes,51.2
2022-02-03,14,Winter,27.9,53.9,26.2,4.27,5,7.9,1.7,No Holiday,Yes,55.8
2022-02-03,15,Spring,25.2,53.8,24.5,4.93,4,4.7,2.7,No Holiday,Yes,42.0
2022-02-03,16,Summer,22.9,63.1,20.3,4.48,1,4.5,3.3,No Holiday,Yes,50.8
2022-02-03,17,Spring,27.4,55.2,24.7,4.83,4,3.1,3.0,Holiday,No,48.7
2022-02-03,18,Autumn,21.6,62.8,19.9,3.74,4,3.1,2.3,No Holiday,Yes,39.4
2022-02-03,19,Autumn,12.4,63.7,10.5,3.54,4,3.0,3.5,No Holiday,Yes,31.8
2022-02-03,20,Spring,29.2,65.5,27.6,4.54,1,5.4,2.4,No Holiday,Yes,54.5
2022-02-03,21,Winter,31.5,49.6,29.3,5.1,5,4.5,1.9,No Holiday,Yes,51.0
2022-02-03,22,Winter,15.2,65.5,12.6,4.24,1,5.7,3.5,No Holiday,Yes,44.1
2022-02-03,23,Spring,22.0,63.0,20.8,3.86,1,2.6,2.7,No Holiday,Yes,41.7
2022-02-04,0,Spring,30.1,52.1,27.9,4.22,4,3.3,3.3,No Holiday,Yes,51.9
2022-02-04,1,Autumn,37.3,57.8,35.4,5.2,3,3.3,0.8,No Holiday,Yes,53.0
2022-02-04,2,Winter,27.1,58.2,25.0,5.21,3,9.3,1.1,No Holiday,Yes,53.4
2022-02-04,3,Spring,23.4,57.1,21.1,4.46,3,4.7,1.2,Holiday,No,40.9
2022-02-04,4,Autumn,26.1,53.9,24.2,4.54,1,4.9,2.2,No Holiday,Yes,47.6
2022-02-04,5,Winter,33.9,52.0,31.9,5.13,4,4.8,3.8,No Holiday,Yes,62.0
2022-02-04,6,Summer,23.8,66.1,21.9,4.62,3,8.1,0.9,Holiday,No,49.4
2022-02-04,7,Autumn,23.0,58.1,20.5,3.88,2,1.8,2.9,No Holiday,Yes,40.3
2022-02-04,8,Winter,24.6,60.8,22.4,4.61,2,4.9,0.8,No Holiday,Yes,46.3
2022-02-04,9,Winter,22.2,55.2,20.1,3.86,2,1.8,4.1,No Holiday,Yes,39.0
2022-02-04,10,Autumn,27.6,53.6,26.2,4.31,5,0.2,0.4,No Holiday,Yes,38.2
2022-02-04,11,Summer,35.1,58.8,33.3,5.19,4,3.5,2.7,No Holiday,Yes,52.3
2022-02-04,12,Autumn,28.6,51.0,26.2,4.67,1,5.8,2.9,No Holiday,Yes,55.2
2022-02-04,13,Winter,25.7,55.6,23.7,4.55,1,3.4,2.6,Holiday,No,41.3
2022-02-04,14,Spring,25.5,57.5,23.2,4.67,4,5.8,1.1,No Holiday,Yes,53.5
2022-02-04,15,Spring,19.2,59.7,16.3,2.07,5,5.2,0.9,Holiday,No,39.2
2022-02-04,16,Autumn,31.4,54.9,28.9,4.74,4,4.7,3.3,Holiday,No,53.8
2022-02-04,17,Winter,26.6,58.6,24.6,4.47,5,7.5,3.0,No Holiday,Yes,53.9
2022-02-04,18,Spring,26.1,59.9,24.4,5.36,3,3.8,3.0,No Holiday,Yes,42.8
2022-02-04,19,Winter,43.0,55.0,42.2,5.76,3,5.8,3.2,No Holiday,Yes,65.9
2022-02-04,20,Autumn,28.5,52.5,26.6,4.93,5,1.4,0.5,No Holiday,Yes,38.1
2022-02-04,21,Spring,23.2,56.9,21.4,5.07,4,5.2,0.4,No Holiday,Yes,44.1
2022-02-04,22,Winter,24.9,62.3,22.7,3.83,3,4.5,1.3,No Holiday,Yes,41.6
2022-02-04,23,Spring,32.7,58.8,30.8,5.47,4,2.6,1.5,No Holiday,Yes,45.9
2022-02-05,0,Autumn,27.6,51.2,25.7,4.36,3,5.8,1.4,No Holiday,Yes,47.4
2022-02-05,1,Winter,19.8,60.5,18.7,3.73,4,3.5,2.3,No Holiday,Yes,41.0
2022-02-05,2,Spring,31.6,47.6,30.1,4.76,4,8.5,3.1,No Holiday,Yes,60.2
2022-02-05,3,Autumn,23.7,58.1,21.4,4.0,2,0.1,1.7,No Holiday,Yes,34.1
2022-02-05,4,Spring,36.4,61.7,33.5,7.0,5,5.5,1.2,No Holiday,Yes,53.8
2022-02-05,5,Spring,32.4,51.5,30.4,5.66,1,5.1,2.8,No Holiday,Yes,53.8
2022-02-05,6,Summer,24.8,54.2,22.6,5.03,5,4.4,1.7,No Holiday,Yes,44.6
2022-02-05,7,Summer,33.4,58.0,30.9,5.59,4,3.9,2.1,No Holiday,Yes,51.1
2022-02-05,8,Autumn,27.3,50.6,25.7,3.93,4,5.1,1.7,No Holiday,Yes,53.1
2022-02-05,9,Summer,31.3,53.1,29.1,5.32,5,7.1,2.3,Holiday,No,57.1
2022-02-05,10,Autumn,29.4,58.6,27.8,5.48,4,1.7,1.0,No Holiday,Yes,47.0
2022-02-05,11,Summer,22.8,55.6,20.3,3.85,3,3.4,2.7,Holiday,No,41.7
2022-02-05,12,Spring,23.8,56.9,21.7,4.86,4,2.9,2.0,No Holiday,Yes,40.5
2022-02-05,13,Autumn,32.1,58.3,30.0,5.57,5,2.8,1.2,Holiday,No,44.6
2022-02-05,14,Autumn,25.3,59.1,23.7,5.46,5,5.7,2.5,No Holiday,Yes,49.3
2022-02-05,15,Spring,25.0,58.6,22.6,4.29,5,6.2,1.2,Holiday,No,46.1
2022-02-05,16,Autumn,22.2,57.0,19.2,3.67,2,7.1,1.3,No Holiday,Yes,45.4
2022-02-05,17,Autumn,29.1,57.7,27.6,4.73,2,6.2,0.8,No Holiday,Yes,44.1
2022-02-05,18,Summer,37.3,53.3,35.5,6.45,2,6.4,0.3,Holiday,No,60.1
2022-02-05,19,Autumn,21.7,60.3,19.5,3.25,2,2.2,2.5,No Holiday,Yes,37.4
2022-02-05,20,Winter,27.1,54.9,24.7,3.68,2,8.0,3.2,No Holiday,Yes,59.5
2022-02-05,21,Spring,34.1,54.1,32.3,5.45,2,4.6,1.5,No Holiday,Yes,51.1
2022-02-05,22,Summer,26.6,53.1,26.0,4.44,2,7.1,1.2,No Holiday,Yes,51.8
2022-02-05,23,Summer,29.3,56.1,26.6,4.93,5,2.2,0.2,No Holiday,Yes,41.2
2022-02-06,0,Winter,21.7,55.2,19.3,4.64,1,4.5,0.0,No Holiday,Yes,40.4
2022-02-06,1,Spring,29.1,51.8,28.0,4.64,2,6.9,2.7,Holiday,No,50.7
2022-02-06,2,Spring,26.1,58.2,24.4,3.67,5,5.1,0.0,No Holiday,Yes,47.5
2022-02-06,3,Summer,31.9,56.3,29.1,6.22,1,3.5,0.9,No Holiday,Yes,45.5
2022-02-06,4,Autumn,32.9,58.3,30.2,4.8,2,7.6,2.3,No Holiday,Yes,60.7
2022-02-06,5,Summer,39.9,51.3,37.5,5.47,1,2.7,2.1,No Holiday,Yes,48.6
2022-02-06,6,Spring,29.9,57.7,28.0,5.54,1,5.0,2.3,No Holiday,Yes,47.9
2022-02-06,7,Winter,28.6,58.6,26.6,4.67,3,6.3,2.0,No Holiday,Yes,52.5
2022-02-06,8,Summer,28.0,58.4,26.0,4.77,4,9.2,1.6,No Holiday,Yes,55.7
2022-02-06,9,Spring,25.2,54.1,22.7,4.76,3,4.1,0.9,No Holiday,Yes,43.7
2022-02-06,10,Summer,28.7,57.0,27.1,5.41,1,4.4,1.4,No Holiday,Yes,47.4
2022-02-06,11,Autumn,25.5,58.8,23.9,4.39,5,4.1,1.7,No Holiday,Yes,49.6
2022-02-06,12,Summer,27.8,56.7,25.3,5.54,2,5.5,0.1,No Holiday,Yes,47.8
2022-02-06,13,Summer,33.6,46.6,31.6,4.29,4,6.2,1.2,No Holiday,Yes,52.1
2022-02-06,14,Spring,22.0,59.1,19.3,4.58,2,7.2,1.6,No Holiday,Yes,46.2
2022-02-06,15,Spring,32.7,64.0,31.0,4.85,5,6.5,1.3,No Holiday,Yes,58.0
2022-02-06,16,Spring,33.6,53.5,31.6,6.04,4,4.0,1.7,No Holiday,Yes,45.5
2022-02-06,17,Summer,26.4,54.2,24.9,4.71,3,6.6,2.7,No Holiday,Yes,52.8
2022-02-06,18,Autumn,16.4,61.6,14.4,3.3,1,5.2,2.8,No Holiday,Yes,37.4
2022-02-06,19,Winter,24.0,59.1,22.7,4.73,5,6.5,3.5,No Holiday,Yes,53.7
2022-02-06,20,Winter,33.5,59.7,31.7,5.8,1,6.6,0.5,No Holiday,Yes,52.4
2022-02-06,21,Spring,26.9,51.9,25.6,5.01,1,8.3,1.6,No Holiday,Yes,54.6
2022-02-06,22,Spring,22.0,61.3,19.7,3.69,2,4.3,3.2,Holiday,No,44.2
2022-02-06,23,Summer,24.5,60.0,22.1,4.21,5,3.9,0.3,Holiday,No,36.6
2022-02-07,0,Winter,31.2,55.1,30.1,5.12,1,5.9,0.8,No Holiday,Yes,52.7
2022-02-07,1,Spring,29.7,57.4,27.1,4.95,3,7.4,1.4,No Holiday,Yes,51.3
2022-02-07,2,Autumn,25.8,61.4,22.6,4.96,4,5.1,4.0,No Holiday,Yes,52.4
2022-02-07,3,Autumn,25.2,60.9,23.1,3.51,5,7.5,1.0,Holiday,No,46.7
2022-02-07,4,Spring,25.0,52.9,23.4,4.67,2,6.4,3.1,No Holiday,Yes,50.8
2022-02-07,5,Spring,22.4,61.6,19.0,4.09,5,4.6,2.0,No Holiday,Yes,43.3
2022-02-07,6,Winter,35.1,54.2,33.7,5.09,2,6.1,0.9,No Holiday,Yes,52.5
2022-02-07,7,Winter,25.4,57.7,23.4,4.17,4,4.1,4.8,No Holiday,Yes,52.8
2022-02-07,8,Summer,33.1,55.4,31.0,5.2,3,5.5,2.2,No Holiday,Yes,53.6
2022-02-07,9,Winter,34.6,54.0,31.9,3.66,1,2.9,2.4,No Holiday,Yes,48.4
2022-02-07,10,Autumn,32.0,60.2,29.8,4.85,5,4.9,2.5,No Holiday,Yes,53.0
2022-02-07,11,Autumn,24.8,57.2,23.1,4.05,2,7.0,2.5,Holiday,No,46.1
2022-02-07,12,Spring,29.0,51.8,27.5,5.17,4,6.5,4.2,No Holiday,Yes,62.5
2022-02-07,13,Winter,26.9,55.4,25.0,4.29,1,6.2,3.8,No Holiday,Yes,49.2
2022-02-07,14,Summer,22.5,59.0,21.0,4.14,4,5.6,1.1,No Holiday,Yes,45.3
2022-02-07,15,Autumn,28.6,61.3,26.6,5.63,3,5.3,4.0,No Holiday,Yes,52.8
2022-02-07,16,Autumn,21.1,61.1,19.4,4.61,1,2.5,1.3,No Holiday,Yes,40.4
2022-02-07,17,Summer,32.9,51.7,31.7,5.74,1,4.6,2.3,No Holiday,Yes,52.1
2022-02-07,18,Summer,24.7,67.5,22.0,4.22,1,5.4,0.5,No Holiday,Yes,42.8
2022-02-07,19,Autumn,28.0,57.7,26.3,5.07,2,2.8,3.0,No Holiday,Yes,39.8
2022-02-07,20,Autumn,28.4,61.6,27.1,4.72,1,1.5,1.7,No Holiday,Yes,36.0
2022-02-07,21,Summer,25.7,56.7,23.8,4.47,4,7.3,0.9,No Holiday,Yes,48.5
2022-02-07,22,Autumn,29.9,58.2,27.9,5.2,2,5.1,3.2,No Holiday,Yes,56.0
2022-02-07,23,Spring,24.6,61.0,23.5,4.16,1,5.4,3.4,No Holiday,Yes,43.7
2022-02-08,0,Spring,31.4,60.5,29.2,5.88,4,6.1,3.5,No Holiday,Yes,61.1
2022-02-08,1,Summer,20.3,63.1,18.8,3.95,4,3.0,0.5,Holiday,No,39.4
2022-02-08,2,Winter,27.6,60.2,24.8,5.07,5,4.2,3.6,No Holiday,Yes,44.8
2022-02-08,3,Summer,36.7,52.7,34.4,6.4,4,8.0,1.7,No Holiday,Yes,57.3
2022-02-08,4,Summer,22.0,56.1,20.2,4.72,3,4.0,4.1,No Holiday,Yes,41.6
2022-02-08,5,Winter,23.6,59.2,22.0,3.66,1,4.5,2.6,No Holiday,Yes,45.6
2022-02-08,6,Winter,29.6,59.9,27.6,5.18,1,3.7,2.3,Holiday,No,47.2
2022-02-08,7,Winter,27.9,55.7,25.6,5.22,1,3.5,2.0,No Holiday,Yes,44.9
2022-02-08,8,Spring,28.8,60.6,26.8,5.32,4,7.2,2.0,Holiday,No,51.9
2022-02-08,9,Autumn,29.4,62.0,27.6,4.39,4,0.0,1.3,No Holiday,Yes,39.3
2022-02-08,10,Spring,30.2,52.3,28.1,4.69,1,4.1,0.9,Holiday,No,48.8
2022-02-08,11,Autumn,32.5,51.9,30.9,5.75,2,5.5,1.6,No Holiday,Yes,51.6
2022-02-08,12,Spring,29.0,55.7,27.2,4.52,2,8.4,3.2,Holiday,No,55.6
2022-02-08,13,Autumn,25.8,58.5,24.8,4.43,3,2.7,0.6,No Holiday,Yes,42.9
2022-02-08,14,Spring,30.4,53.8,27.9,5.82,5,2.4,3.3,No Holiday,Yes,46.1
2022-02-08,15,Winter,36.5,59.5,34.4,5.63,3,3.3,2.1,No Holiday,Yes,53.6
2022-02-08,16,Summer,26.3,58.8,24.7,4.27,1,6.4,2.8,No Holiday,Yes,50.7
2022-02-08,17,Spring,22.1,58.5,19.2,3.77,1,5.3,2.8,No Holiday,Yes,48.6
2022-02-08,18,Autumn,32.5,49.5,30.5,5.42,1,2.1,2.9,No Holiday,Yes,50.8
2022-02-08,19,Winter,26.4,51.8,24.9,3.97,5,5.2,2.0,No Holiday,Yes,50.7
2022-02-08,20,Spring,16.1,61.3,13.7,3.49,4,8.1,2.1,No Holiday,Yes,43.6
2022-02-08,21,Spring,31.2,47.1,29.0,5.29,5,5.5,2.9,No Holiday,Yes,51.1
2022-02-08,22,Winter,24.3,61.8,22.1,5.08,3,5.3,1.0,No Holiday,Yes,47.3
2022-02-08,23,Spring,26.5,56.4,24.8,4.99,4,5.4,0.8,No Holiday,Yes,46.0
2022-02-09,0,Summer,28.7,69.4,26.4,4.51,4,5.8,1.5,No Holiday,Yes,50.3
2022-02-09,1,Spring,28.0,65.8,26.1,5.38,3,2.5,2.3,No Holiday,Yes,41.9
2022-02-09,2,Summer,30.5,55.1,28.3,4.9,4,4.5,3.9,No Holiday,Yes,56.4
2022-02-09,3,Summer,24.8,57.1,23.8,3.86,2,4.6,2.0,No Holiday,Yes,48.2
2022-02-09,4,Winter,29.6,60.1,27.8,4.87,3,4.0,4.0,No Holiday,Yes,50.4
2022-02-09,5,Spring,25.7,64.1,22.8,5.29,3,6.4,2.5,Holiday,No,48.3
2022-02-09,6,Winter,30.7,49.2,29.1,5.15,2,3.7,1.5,No Holiday,Yes,44.7
2022-02-09,7,Spring,30.1,48.8,28.4,5.01,5,4.3,3.1,No Holiday,Yes,50.2
2022-02-09,8,Spring,22.3,55.8,20.5,5.05,5,2.5,1.8,No Holiday,Yes,39.4
2022-02-09,9,Autumn,32.4,57.6,31.0,4.53,5,5.8,2.3,No Holiday,Yes,51.1
2022-02-09,10,Spring,24.3,59.7,23.4,3.79,4,6.9,0.7,No Holiday,Yes,43.5
2022-02-09,11,Winter,31.0,60.0,29.2,4.3,2,4.3,0.5,No Holiday,Yes,47.4
2022-02-09,12,Summer,28.8,51.6,26.8,5.07,3,6.6,2.6,No Holiday,Yes,55.3
2022-02-09,13,Spring,36.2,44.9,34.2,5.7,3,4.7,3.1,No Holiday,Yes,55.5
2022-02-09,14,Autumn,25.9,60.7,24.0,5.36,3,0.0,3.9,No Holiday,Yes,38.9
2022-02-09,15,Winter,25.3,54.1,23.2,4.65,4,4.9,1.2,No Holiday,Yes,41.1
2022-02-09,16,Spring,26.9,48.9,24.4,4.49,4,4.6,3.5,No Holiday,Yes,46.6
2022-02-09,17,Winter,25.5,57.9,23.6,4.55,5,5.2,3.3,No Holiday,Yes,51.3
2022-02-09,18,Autumn,31.0,58.9,29.3,5.16,4,5.5,1.5,No Holiday,Yes,47.3
2022-02-09,19,Autumn,18.9,58.8,17.1,3.06,5,3.6,3.4,No Holiday,Yes,45.7
2022-02-09,20,Winter,21.7,56.6,19.4,5.53,5,7.9,2.9,Holiday,No,50.8
2022-02-09,21,Spring,21.7,57.9,19.0,4.43,3,4.9,3.1,Holiday,No,39.9
2022-02-09,22,Summer,31.8,54.0,30.1,5.28,4,4.6,4.2,No Holiday,Yes,55.1
2022-02-09,23,Autumn,35.6,48.9,33.5,5.86,5,6.5,3.1,No Holiday,Yes,59.9
2022-02-10,0,Spring,26.5,54.2,24.3,5.0,2,5.0,0.0,No Holiday,Yes,42.7
2022-02-10,1,Spring,26.2,59.2,24.7,4.55,2,10.0,2.3,Holiday,No,60.2
2022-02-10,2,Summer,27.4,58.1,25.3,4.42,4,4.6,0.4,No Holiday,Yes,42.7
2022-02-10,3,Autumn,32.8,55.8,31.5,5.58,3,5.7,2.2,No Holiday,Yes,55.6
2022-02-10,4,Autumn,22.4,54.3,21.2,4.43,3,3.5,2.1,No Holiday,Yes,40.6
2022-02-10,5,Spring,28.2,55.8,26.0,4.41,5,6.7,1.4,No Holiday,Yes,50.1
2022-02-10,6,Spring,31.9,46.7,30.1,5.9,4,5.6,1.0,No Holiday,Yes,54.6
2022-02-10,7,Summer,29.5,56.9,27.4,5.1,2,4.3,1.5,Holiday,No,50.2
2022-02-10,8,Summer,27.9,62.3,26.0,5.16,5,3.3,1.7,Holiday,No,41.2
2022-02-10,9,Autumn,32.0,49.5,30.5,5.9,5,2.4,1.9,No Holiday,Yes,46.8
2022-02-10,10,Winter,13.5,58.6,11.5,3.36,1,5.8,2.1,Holiday,No,44.2
2022-02-10,11,Autumn,30.4,57.2,29.0,5.2,4,2.2,2.6,No Holiday,Yes,49.6
2022-02-10,12,Spring,23.7,62.9,21.0,4.78,5,7.6,1.7,No Holiday,Yes,47.2
2022-02-10,13,Autumn,17.8,57.9,16.5,3.42,2,2.5,3.3,Holiday,No,41.8
2022-02-10,14,Winter,29.6,53.4,27.7,4.98,1,4.6,2.0,No Holiday,Yes,51.3
2022-02-10,15,Summer,33.9,47.0,32.4,5.45,2,3.2,2.9,Holiday,No,47.2
2022-02-10,16,Winter,26.3,57.5,24.0,4.15,3,5.1,1.7,No Holiday,Yes,47.2
2022-02-10,17,Winter,31.8,63.6,29.9,6.34,1,5.1,4.7,No Holiday,Yes,57.2
2022-02-10,18,Winter,35.1,55.6,33.3,4.8,1,5.9,2.5,Holiday,No,53.1
2022-02-10,19,Summer,33.6,54.8,31.1,4.71,5,1.9,3.6,No Holiday,Yes,51.1
2022-02-10,20,Winter,35.2,55.7,33.2,6.18,3,3.5,1.3,No Holiday,Yes,57.1
2022-02-10,21,Winter,30.7,55.7,28.5,5.43,5,6.9,1.6,Holiday,No,57.7
2022-02-10,22,Winter,27.4,53.5,25.9,4.22,4,6.3,1.7,No Holiday,Yes,50.3
2022-02-10,23,Spring,19.0,62.6,17.7,4.2,2,0.0,4.5,No Holiday,Yes,34.2
2022-02-11,0,Winter,25.8,58.2,23.7,5.31,2,5.8,1.8,Holiday,No,48.7
2022-02-11,1,Summer,22.8,58.2,20.9,4.26,5,2.9,1.2,Holiday,No,35.8
2022-02-11,2,Winter,37.9,49.7,35.5,7.08,2,3.8,3.3,No Holiday,Yes,53.9
2022-02-11,3,Winter,26.1,62.4,24.2,3.75,2,4.5,2.1,No Holiday,Yes,40.3
2022-02-11,4,Summer,27.6,59.4,25.5,5.11,4,8.1,1.8,No Holiday,Yes,55.3
2022-02-11,5,Winter,29.8,53.9,28.6,5.56,3,2.9,1.4,No Holiday,Yes,43.4
2022-02-11,6,Summer,27.2,60.8,24.3,5.17,1,2.2,2.5,No Holiday,Yes,44.8
2022-02-11,7,Winter,35.5,52.4,33.6,5.45,5,5.9,3.1,No Holiday,Yes,57.8
2022-02-11,8,Summer,23.9,54.7,21.5,4.24,5,4.9,2.8,No Holiday,Yes,42.9
2022-02-11,9,Winter,28.0,53.6,26.4,5.02,4,7.4,1.5,No Holiday,Yes,52.8
2022-02-11,10,Winter,23.3,50.9,21.1,4.74,4,4.3,1.0,Holiday,No,39.1
2022-02-11,11,Spring,20.4,60.8,19.1,4.34,1,7.4,0.0,No Holiday,Yes,49.2
2022-02-11,12,Spring,23.9,50.5,21.7,4.91,3,5.0,1.1,No Holiday,Yes,40.8
2022-02-11,13,Winter,26.8,52.0,25.0,4.17,5,6.1,1.6,No Holiday,Yes,47.2
2022-02-11,14,Winter,24.9,49.2,22.8,4.37,4,8.2,1.9,No Holiday,Yes,48.7
2022-02-11,15,Autumn,23.5,57.6,21.2,3.88,5,4.7,1.7,No Holiday,Yes,40.3
2022-02-11,16,Summer,20.0,58.4,18.6,3.8,2,7.1,4.8,No Holiday,Yes,50.4
2022-02-11,17,Autumn,26.6,55.7,24.9,5.17,5,3.8,2.5,No Holiday,Yes,41.6
2022-02-11,18,Spring,19.5,55.0,17.2,4.0,3,5.5,0.8,No Holiday,Yes,39.8
2022-02-11,19,Spring,30.8,51.1,27.8,6.38,3,2.1,2.7,Holiday,No,46.7
2022-02-11,20,Spring,27.4,58.6,25.5,4.84,5,4.0,2.4,No Holiday,Yes,45.2
2022-02-11,21,Spring,19.7,56.9,17.4,4.0,2,2.9,1.0,No Holiday,Yes,29.2
2022-02-11,22,Winter,25.5,58.6,23.5,4.6,3,7.4,2.3,No Holiday,Yes,55.6
2022-02-11,23,Spring,23.2,54.5,20.3,4.01,4,8.5,2.5,No Holiday,Yes,52.9
2022-02-12,0,Winter,28.6,57.1,27.5,4.83,5,4.3,3.0,No Holiday,Yes,49.7
2022-02-12,1,Winter,33.7,60.1,31.7,5.93,2,3.5,0.2,Holiday,No,46.5
2022-02-12,2,Spring,17.6,62.1,16.4,3.82,4,2.4,2.6,No Holiday,Yes,38.4
2022-02-12,3,Spring,27.6,55.1,26.8,4.36,5,5.5,3.4,No Holiday,Yes,53.8
2022-02-12,4,Summer,26.2,58.2,24.1,4.16,2,3.8,3.9,No Holiday,Yes,50.4
2022-02-12,5,Autumn,30.4,54.9,28.3,4.81,4,3.9,0.8,No Holiday,Yes,46.8
2022-02-12,6,Spring,28.1,56.6,26.2,4.84,3,8.3,1.9,No Holiday,Yes,50.5
2022-02-12,7,Summer,23.2,56.7,21.3,4.92,5,4.4,2.0,No Holiday,Yes,44.4
2022-02-12,8,Summer,25.4,56.7,21.9,3.87,5,6.2,2.7,No Holiday,Yes,50.3
2022-02-12,9,Autumn,23.0,58.9,21.1,4.14,3,5.1,1.8,No Holiday,Yes,42.7
2022-02-12,10,Winter,32.4,51.3,30.1,5.31,1,2.3,1.3,No Holiday,Yes,42.6
2022-02-12,11,Spring,27.1,52.8,25.4,3.79,4,1.3,2.2,No Holiday,Yes,41.9
2022-02-12,12,Autumn,36.5,48.5,34.4,5.23,3,6.0,1.7,No Holiday,Yes,55.8
2022-02-12,13,Spring,26.7,50.6,24.8,4.33,5,8.4,2.6,No Holiday,Yes,53.4
2022-02-12,14,Summer,23.5,53.1,21.7,3.95,4,5.6,1.2,No Holiday,Yes,49.5
2022-02-12,15,Summer,19.4,59.8,16.5,4.04,4,6.2,1.0,No Holiday,Yes,44.5
2022-02-12,16,Winter,18.0,56.0,15.4,3.72,1,3.2,3.3,No Holiday,Yes,39.8
2022-02-12,17,Summer,19.1,61.3,17.0,3.63,5,7.0,4.3,No Holiday,Yes,52.5
2022-02-12,18,Summer,28.3,56.6,27.5,5.05,2,7.0,3.8,Holiday,No,56.2
2022-02-12,19,Autumn,29.5,48.3,27.7,5.82,1,3.6,1.9,No Holiday,Yes,44.0
2022-02-12,20,Spring,19.1,61.9,15.7,4.73,1,6.1,3.1,Holiday,No,44.0
2022-02-12,21,Spring,31.5,58.8,29.6,4.19,2,1.5,1.3,No Holiday,Yes,45.2
2022-02-12,22,Autumn,24.6,53.6,22.0,4.75,2,6.4,2.5,No Holiday,Yes,50.9
2022-02-12,23,Winter,27.7,58.4,25.0,4.68,1,3.9,1.4,No Holiday,Yes,46.3
2022-02-13,0,Spring,35.1,51.1,33.0,5.58,4,2.5,3.3,No Holiday,Yes,47.2
2022-02-13,1,Summer,31.5,55.9,29.9,4.95,3,5.8,3.1,Holiday,No,56.7
2022-02-13,2,Spring,25.7,52.2,24.9,4.62,3,1.5,4.1,No Holiday,Yes,42.0
2022-02-13,3,Summer,22.5,51.1,20.2,4.33,1,5.7,1.8,No Holiday,Yes,46.4
2022-02-13,4,Winter,16.2,58.6,14.6,3.33,4,2.7,3.6,No Holiday,Yes,34.3
2022-02-13,5,Autumn,23.4,57.5,21.3,3.89,2,2.3,2.5,No Holiday,Yes,45.9
2022-02-13,6,Spring,25.9,55.6,24.6,4.37,1,5.1,2.1,No Holiday,Yes,47.6
2022-02-13,7,Autumn,22.1,53.6,20.2,4.32,5,4.7,2.3,No Holiday,Yes,41.9
2022-02-13,8,Spring,26.3,55.5,24.3,4.93,4,7.9,3.7,No Holiday,Yes,57.2
2022-02-13,9,Summer,27.4,57.9,25.2,5.17,5,2.4,1.9,No Holiday,Yes,45.0
2022-02-13,10,Autumn,25.9,57.1,24.4,4.34,5,7.8,1.9,No Holiday,Yes,53.8
2022-02-13,11,Spring,23.7,58.6,21.2,4.52,1,2.7,0.0,Holiday,No,34.4
2022-02-13,12,Summer,27.8,54.0,26.1,5.27,4,6.8,1.9,No Holiday,Yes,54.9
2022-02-13,13,Autumn,29.2,60.9,28.0,5.5,5,7.2,2.3,No Holiday,Yes,53.2
2022-02-13,14,Autumn,21.5,53.8,19.6,4.13,4,5.6,1.2,Holiday,No,43.0
2022-02-13,15,Spring,34.1,56.7,32.0,5.3,3,3.4,1.0,No Holiday,Yes,41.8
2022-02-13,16,Spring,26.5,61.8,24.4,4.75,5,2.0,0.1,No Holiday,Yes,37.0
2022-02-13,17,Spring,27.1,58.8,24.4,4.13,5,1.1,1.4,No Holiday,Yes,37.5
2022-02-13,18,Summer,30.5,55.0,28.7,4.96,4,8.7,3.4,No Holiday,Yes,61.1
2022-02-13,19,Spring,28.2,54.4,26.2,5.19,3,4.4,0.5,Holiday,No,43.3
2022-02-13,20,Autumn,31.8,59.6,30.3,5.5,5,2.8,2.8,No Holiday,Yes,43.3
2022-02-13,21,Autumn,28.4,50.8,26.0,4.71,1,2.7,2.9,No Holiday,Yes,45.8
2022-02-13,22,Spring,23.9,53.9,21.8,4.5,4,5.3,4.5,No Holiday,Yes,48.4
2022-02-13,23,Spring,28.8,54.8,27.0,4.47,4,4.2,3.0,No Holiday,Yes,46.6
2022-02-14,0,Winter,21.3,63.6,20.2,4.48,5,1.2,3.0,Holiday,No,37.2
2022-02-14,1,Autumn,27.5,58.3,24.8,4.72,3,6.7,2.4,No Holiday,Yes,46.6
2022-02-14,2,Summer,26.8,53.1,25.4,4.55,5,5.7,2.0,No Holiday,Yes,50.3
2022-02-14,3,Winter,26.0,56.0,24.3,4.42,2,8.7,2.9,No Holiday,Yes,54.7
2022-02-14,4,Spring,26.4,54.6,24.2,4.6,5,7.3,3.2,No Holiday,Yes,52.5
2022-02-14,5,Spring,17.6,56.9,16.2,3.54,2,0.0,2.2,No Holiday,Yes,33.0
2022-02-14,6,Autumn,24.3,61.6,23.0,4.75,1,7.8,3.3,No Holiday,Yes,51.5
2022-02-14,7,Spring,27.5,51.3,26.5,4.55,4,7.4,4.9,No Holiday,Yes,57.5
2022-02-14,8,Summer,27.8,63.1,25.4,5.58,4,3.5,2.1,No Holiday,Yes,45.2
2022-02-14,9,Autumn,21.9,61.8,20.1,4.92,3,4.1,2.1,No Holiday,Yes,51.6
2022-02-14,10,Spring,33.3,59.4,29.9,4.89,5,5.8,1.9,Holiday,No,55.6
2022-02-14,11,Autumn,22.7,56.3,21.2,4.3,1,3.0,2.1,No Holiday,Yes,36.7
2022-02-14,12,Spring,31.8,54.8,30.3,4.86,2,4.5,3.2,Holiday,No,57.3
2022-02-14,13,Spring,29.1,50.5,27.4,4.75,3,7.0,2.1,No Holiday,Yes,56.1
2022-02-14,14,Spring,23.8,55.8,21.6,5.38,1,6.0,2.2,Holiday,No,47.3
2022-02-14,15,Summer,35.9,56.2,34.1,5.43,1,3.7,1.8,Holiday,No,50.2
2022-02-14,16,Summer,21.0,63.9,18.7,4.28,2,7.0,2.5,No Holiday,Yes,43.9
2022-02-14,17,Autumn,31.6,51.1,30.1,5.43,2,5.6,1.5,No Holiday,Yes,52.6
2022-02-14,18,Spring,32.0,53.9,30.7,4.7,4,5.5,0.8,No Holiday,Yes,48.5
2022-02-14,19,Spring,23.6,57.3,22.5,3.94,5,4.0,2.4,No Holiday,Yes,40.8
2022-02-14,20,Summer,34.0,49.2,33.1,4.79,3,5.0,4.0,No Holiday,Yes,57.9
2022-02-14,21,Spring,25.7,59.6,24.0,4.13,5,3.5,1.7,No Holiday,Yes,47.7
2022-02-14,22,Summer,28.4,53.6,26.6,3.42,3,1.1,1.0,No Holiday,Yes,37.7
2022-02-14,23,Spring,28.3,55.7,26.6,5.1,1,4.4,3.9,No Holiday,Yes,52.6
2022-02-15,0,Autumn,26.3,55.3,23.7,5.66,2,4.8,2.0,No Holiday,Yes,47.0
2022-02-15,1,Spring,31.1,52.5,28.4,5.18,2,5.3,2.9,No Holiday,Yes,53.5
2022-02-15,2,Spring,31.0,55.7,29.1,4.39,1,7.4,1.3,No Holiday,Yes,51.9
2022-02-15,3,Winter,18.3,58.7,17.2,3.5,1,3.7,2.0,No Holiday,Yes,37.3
2022-02-15,4,Summer,33.5,53.5,31.8,5.12,3,4.3,3.4,Holiday,No,49.8
2022-02-15,5,Spring,18.7,56.5,17.0,3.36,1,6.5,2.1,No Holiday,Yes,40.4
2022-02-15,6,Spring,32.2,56.6,30.5,5.65,3,3.5,2.1,No Holiday,Yes,50.3
2022-02-15,7,Winter,32.6,61.8,31.0,5.67,5,5.3,0.5,Holiday,No,49.0
2022-02-15,8,Winter,21.5,59.1,19.9,3.58,2,4.2,2.8,No Holiday,Yes,40.0
2022-02-15,9,Summer,24.9,61.5,23.1,4.86,2,4.5,1.2,No Holiday,Yes,40.2
2022-02-15,10,Winter,21.5,53.0,19.8,4.91,2,6.5,3.1,No Holiday,Yes,43.0
2022-02-15,11,Autumn,25.9,57.9,23.8,5.54,5,4.3,2.2,No Holiday,Yes,39.6
2022-02-15,12,Winter,25.5,53.0,23.3,5.98,5,6.6,2.3,Holiday,No,49.9
2022-02-15,13,Autumn,30.9,49.8,29.4,4.64,4,1.1,2.8,No Holiday,Yes,35.7
2022-02-15,14,Summer,33.6,52.0,30.9,6.77,3,2.1,2.4,Holiday,No,48.7
2022-02-15,15,Summer,34.0,59.6,32.5,5.22,3,0.4,3.7,No Holiday,Yes,47.9
2022-02-15,16,Summer,24.2,61.5,23.0,4.12,4,2.7,3.6,Holiday,No,42.8
2022-02-15,17,Summer,26.0,58.2,23.8,4.76,2,8.7,0.8,No Holiday,Yes,52.5
2022-02-15,18,Summer,18.6,53.3,17.0,3.57,3,5.0,1.8,No Holiday,Yes,39.3
2022-02-15,19,Autumn,23.0,57.3,20.8,4.5,3,3.6,2.8,No Holiday,Yes,43.3
2022-02-15,20,Autumn,31.8,56.7,31.0,4.52,2,6.6,1.1,Holiday,No,53.7
2022-02-15,21,Summer,35.1,55.2,32.4,5.39,1,6.8,0.4,No Holiday,Yes,59.1
2022-02-15,22,Winter,20.8,51.4,18.5,4.73,1,2.6,1.2,No Holiday,Yes,40.8
2022-02-15,23,Spring,24.0,54.2,22.8,4.38,4,10.0,1.9,No Holiday,Yes,59.3
2022-02-16,0,Summer,26.9,56.7,25.6,4.76,5,5.6,0.0,No Holiday,Yes,43.0
2022-02-16,1,Winter,28.4,58.6,25.6,5.08,3,5.8,0.9,No Holiday,Yes,50.9
2022-02-16,2,Spring,23.0,49.3,21.3,4.88,3,6.0,0.2,No Holiday,Yes,44.7
2022-02-16,3,Summer,29.1,55.6,27.5,4.08,4,6.0,3.1,Holiday,No,50.8
2022-02-16,4,Summer,24.6,58.2,23.8,4.76,4,3.8,2.9,Holiday,No,41.9
2022-02-16,5,Autumn,26.9,60.3,25.1,4.56,3,9.2,2.3,No Holiday,Yes,55.3
2022-02-16,6,Spring,29.7,58.9,27.8,5.06,2,4.4,2.1,No Holiday,Yes,45.6
2022-02-16,7,Spring,27.0,59.2,24.7,5.23,2,6.9,2.5,No Holiday,Yes,48.1
2022-02-16,8,Winter,24.8,54.4,23.5,3.88,5,4.1,1.0,No Holiday,Yes,43.7
2022-02-16,9,Autumn,26.5,49.4,25.2,4.14,3,3.7,3.3,Holiday,No,46.0
2022-02-16,10,Autumn,26.6,55.5,24.3,3.69,3,8.8,2.1,Holiday,No,54.8
2022-02-16,11,Autumn,25.1,61.5,22.6,4.24,3,4.8,2.9,No Holiday,Yes,49.9
2022-02-16,12,Autumn,25.7,62.9,24.5,5.24,3,4.9,2.9,No Holiday,Yes,47.3
2022-02-16,13,Spring,35.0,57.3,32.5,5.44,4,5.6,2.5,No Holiday,Yes,58.3
2022-02-16,14,Spring,29.8,57.8,27.8,4.31,1,10.0,2.3,Holiday,No,58.0
2022-02-16,15,Summer,25.5,58.9,23.0,4.31,3,9.3,2.2,Holiday,No,53.2
2022-02-16,16,Summer,30.5,53.6,28.5,4.3,1,7.6,1.9,No Holiday,Yes,55.2
2022-02-16,17,Autumn,25.3,56.9,24.6,3.97,2,10.0,2.5,Holiday,No,63.2
2022-02-16,18,Autumn,32.9,61.8,30.9,5.48,5,3.1,2.2,No Holiday,Yes,52.8
2022-02-16,19,Autumn,28.8,52.6,26.3,4.3,2,6.3,1.5,No Holiday,Yes,53.9
2022-02-16,20,Summer,26.5,63.5,24.9,5.2,3,5.2,2.6,Holiday,No,44.4
2022-02-16,21,Winter,29.2,54.9,27.4,4.89,2,1.5,2.3,Holiday,No,42.9
2022-02-16,22,Winter,19.1,64.6,17.2,3.96,4,5.9,3.2,No Holiday,Yes,47.7
2022-02-16,23,Summer,21.4,53.0,20.8,4.0,1,4.0,0.2,No Holiday,Yes,44.3
2022-02-17,0,Summer,21.0,61.0,18.2,4.49,3,8.1,2.0,No Holiday,Yes,44.0
2022-02-17,1,Summer,27.7,53.7,26.2,5.16,4,4.2,1.3,No Holiday,Yes,47.4
2022-02-17,2,Summer,35.7,48.6,33.4,5.73,1,4.1,1.5,No Holiday,Yes,54.6
2022-02-17,3,Summer,38.2,54.4,36.2,6.1,4,8.1,2.6,No Holiday,Yes,64.6
2022-02-17,4,Summer,30.2,60.0,27.6,4.91,2,4.9,0.6,No Holiday,Yes,43.7
2022-02-17,5,Autumn,29.5,52.8,27.3,5.22,3,7.3,2.1,Holiday,No,54.9
2022-02-17,6,Autumn,18.0,53.6,16.1,3.63,2,5.8,2.0,Holiday,No,43.1
2022-02-17,7,Autumn,24.3,57.3,22.7,4.43,5,5.9,1.0,No Holiday,Yes,46.0
2022-02-17,8,Autumn,23.1,57.7,20.7,4.17,3,4.5,2.2,No Holiday,Yes,41.5
2022-02-17,9,Summer,23.9,60.0,22.8,4.16,2,6.0,1.2,No Holiday,Yes,43.6
2022-02-17,10,Winter,26.2,61.0,23.8,4.27,3,4.7,4.2,No Holiday,Yes,51.1
2022-02-17,11,Spring,24.6,57.4,23.2,4.7,1,3.4,3.2,No Holiday,Yes,42.1
2022-02-17,12,Summer,17.1,67.3,14.5,4.37,3,4.8,2.1,No Holiday,Yes,37.8
2022-02-17,13,Spring,30.7,56.7,28.7,5.66,3,7.6,1.6,No Holiday,Yes,54.5
2022-02-17,14,Winter,21.6,57.1,19.3,3.54,1,6.1,2.5,No Holiday,Yes,46.5
2022-02-17,15,Autumn,28.2,50.1,26.2,5.46,2,6.5,2.8,No Holiday,Yes,55.4
2022-02-17,16,Winter,37.4,52.7,36.2,5.58,3,5.0,2.3,Holiday,No,52.3
2022-02-17,17,Summer,22.4,56.9,20.8,4.54,4,1.1,1.0,No Holiday,Yes,30.6
2022-02-17,18,Autumn,14.3,64.5,12.0,2.98,3,2.6,1.8,No Holiday,Yes,31.4
2022-02-17,19,Summer,25.6,59.2,23.5,4.63,2,4.4,2.1,Holiday,No,40.0
2022-02-17,20,Autumn,32.5,50.5,29.9,5.41,1,2.7,2.3,No Holiday,Yes,49.2
2022-02-17,21,Spring,36.8,54.7,34.6,4.94,2,4.0,2.3,No Holiday,Yes,47.6
2022-02-17,22,Spring,20.9,61.4,19.3,4.39,5,3.9,2.7,Holiday,No,43.7
2022-02-17,23,Spring,29.5,62.3,27.9,5.62,3,3.9,3.3,No Holiday,Yes,52.9
2022-02-18,0,Winter,24.7,61.1,22.6,4.38,3,7.9,3.0,No Holiday,Yes,53.8
2022-02-18,1,Summer,26.5,60.1,25.6,5.33,1,4.9,2.6,No Holiday,Yes,42.3
2022-02-18,2,Winter,40.2,53.2,37.4,5.93,3,6.9,0.7,No Holiday,Yes,60.0
2022-02-18,3,Spring,19.5,60.7,17.3,4.37,4,5.3,3.2,Holiday,No,41.7
2022-02-18,4,Summer,28.3,61.5,25.7,3.72,4,7.8,2.8,Holiday,No,52.0
2022-02-18,5,Spring,29.3,50.9,28.1,6.14,2,7.0,1.7,No Holiday,Yes,54.5
2022-02-18,6,Winter,32.4,53.9,29.8,5.99,1,3.8,2.0,No Holiday,Yes,51.6
2022-02-18,7,Winter,27.5,53.7,24.4,4.61,5,8.9,2.1,No Holiday,Yes,59.5
2022-02-18,8,Winter,28.5,58.0,27.2,3.87,2,4.1,1.6,No Holiday,Yes,45.4
2022-02-18,9,Spring,25.0,62.4,22.7,4.65,1,5.4,0.3,No Holiday,Yes,44.8
2022-02-18,10,Summer,28.3,54.1,26.3,4.11,1,5.8,0.9,Holiday,No,53.2
2022-02-18,11,Summer,25.3,47.9,24.1,4.75,2,6.0,1.1,Holiday,No,52.5
2022-02-18,12,Spring,30.1,54.3,27.9,5.22,2,6.6,0.0,No Holiday,Yes,53.3
2022-02-18,13,Summer,25.2,61.1,22.7,4.04,3,3.5,0.9,No Holiday,Yes,40.4
2022-02-18,14,Spring,28.9,58.5,27.2,5.45,5,6.4,3.1,No Holiday,Yes,53.6
2022-02-18,15,Summer,26.9,58.7,24.3,5.09,4,6.2,2.5,No Holiday,Yes,49.9
2022-02-18,16,Autumn,32.6,54.1,31.5,5.75,3,5.0,1.0,No Holiday,Yes,52.5
2022-02-18,17,Autumn,26.7,51.9,25.5,4.68,1,4.6,1.3,Holiday,No,42.7
2022-02-18,18,Winter,18.1,61.6,16.1,3.11,5,3.4,3.2,Holiday,No,40.2
2022-02-18,19,Autumn,33.3,51.7,31.3,5.82,5,6.0,3.2,Holiday,No,56.9
2022-02-18,20,Autumn,22.5,67.0,20.8,4.11,2,3.7,2.1,Holiday,No,42.9
2022-02-18,21,Autumn,23.7,60.2,21.3,3.68,5,5.5,3.2,No Holiday,Yes,44.6
2022-02-18,22,Spring,24.0,55.5,21.8,5.08,5,4.8,1.2,Holiday,No,44.2
2022-02-18,23,Autumn,33.9,52.4,31.4,6.44,1,2.3,2.2,Holiday,No,53.0
2022-02-19,0,Autumn,16.3,59.7,14.4,3.61,3,3.1,0.5,No Holiday,Yes,31.7
2022-02-19,1,Winter,42.7,51.2,40.4,7.35,5,5.8,1.6,No Holiday,Yes,61.6
2022-02-19,2,Autumn,32.3,59.8,30.5,5.27,2,4.0,2.0,No Holiday,Yes,44.2
2022-02-19,3,Autumn,28.1,57.3,25.1,4.62,3,3.9,0.3,No Holiday,Yes,44.4
2022-02-19,4,Summer,26.7,54.1,25.1,4.36,2,3.5,2.6,No Holiday,Yes,45.6
2022-02-19,5,Winter,28.4,64.0,25.4,5.66,5,3.5,2.8,No Holiday,Yes,47.5
2022-02-19,6,Winter,29.6,56.3,27.6,4.57,3,8.3,3.0,Holiday,No,59.8
2022-02-19,7,Winter,30.2,59.0,28.9,5.39,5,2.8,4.3,Holiday,No,48.3
2022-02-19,8,Winter,29.8,53.6,27.1,4.7,1,7.9,2.4,No Holiday,Yes,59.5
2022-02-19,9,Winter,27.4,58.2,25.4,4.51,3,4.3,1.9,No Holiday,Yes,43.8
2022-02-19,10,Winter,26.0,58.4,23.6,5.12,2,3.7,0.4,No Holiday,Yes,46.0
2022-02-19,11,Spring,26.2,49.6,23.6,4.43,1,5.8,2.4,No Holiday,Yes,49.2
2022-02-19,12,Autumn,26.0,65.3,23.9,4.4,4,5.1,2.6,No Holiday,Yes,47.9
2022-02-19,13,Winter,32.7,60.4,31.0,5.83,2,4.6,0.6,No Holiday,Yes,45.0
2022-02-19,14,Autumn,30.0,54.4,27.5,5.8,5,5.4,1.8,No Holiday,Yes,46.9
2022-02-19,15,Autumn,12.3,56.9,10.3,3.55,2,5.1,2.0,Holiday,No,36.9
2022-02-19,16,Spring,30.3,57.3,27.9,4.7,4,4.6,2.5,No Holiday,Yes,47.9
2022-02-19,17,Winter,28.0,57.0,27.1,4.54,2,6.9,2.9,No Holiday,Yes,56.2
2022-02-19,18,Summer,26.9,58.4,24.7,4.73,1,2.1,1.5,No Holiday,Yes,41.7
2022-02-19,19,Spring,25.1,58.2,23.4,4.67,2,3.2,2.2,Holiday,No,38.3
2022-02-19,20,Summer,32.6,57.2,29.8,4.77,3,3.4,2.6,No Holiday,Yes,51.9
2022-02-19,21,Autumn,31.7,61.3,29.4,5.54,4,2.9,1.8,Holiday,No,46.5
2022-02-19,22,Autumn,23.1,60.3,21.0,4.36,2,5.2,1.6,No Holiday,Yes,44.1
2022-02-19,23,Spring,29.0,52.1,26.8,4.05,4,6.0,2.7,No Holiday,Yes,55.1
2022-02-20,0,Spring,22.1,63.8,20.6,3.75,1,1.1,1.8,No Holiday,Yes,31.6
2022-02-20,1,Summer,20.1,65.5,17.3,3.76,3,4.1,0.8,No Holiday,Yes,35.3
2022-02-20,2,Winter,23.9,70.4,20.9,4.35,5,4.4,3.4,No Holiday,Yes,47.4
2022-02-20,3,Summer,31.3,51.1,29.1,6.08,2,4.4,0.9,Holiday,No,42.7
2022-02-20,4,Spring,31.8,56.4,29.0,5.3,1,2.4,1.9,No Holiday,Yes,44.1
2022-02-20,5,Summer,29.6,47.8,27.9,4.54,4,4.4,2.3,No Holiday,Yes,51.2
2022-02-20,6,Spring,30.6,58.0,29.0,5.17,4,3.2,2.5,Holiday,No,47.1
2022-02-20,7,Summer,29.6,53.9,27.6,4.78,1,4.3,2.2,No Holiday,Yes,44.2
2022-02-20,8,Spring,23.8,65.6,21.6,4.54,2,1.6,0.0,No Holiday,Yes,36.0
2022-02-20,9,Spring,29.2,53.2,27.4,5.21,5,4.3,1.3,No Holiday,Yes,45.4
2022-02-20,10,Spring,31.0,48.9,28.7,5.7,2,3.6,2.3,No Holiday,Yes,45.7
2022-02-20,11,Winter,30.8,53.9,28.6,5.07,3,4.5,1.9,No Holiday,Yes,59.8
2022-02-20,12,Summer,32.9,47.2,31.4,6.11,2,5.6,2.5,Holiday,No,55.4
2022-02-20,13,Summer,30.5,58.8,28.3,5.51,3,4.9,3.0,No Holiday,Yes,50.9
2022-02-20,14,Summer,28.8,48.1,26.3,4.52,4,6.6,2.5,No Holiday,Yes,55.0
2022-02-20,15,Spring,32.4,55.4,30.3,6.34,3,4.3,1.3,No Holiday,Yes,48.2
2022-02-20,16,Summer,26.9,48.6,24.3,4.85,5,6.2,1.5,No Holiday,Yes,47.0
2022-02-20,17,Summer,22.6,56.9,21.2,3.84,1,7.2,3.6,No Holiday,Yes,51.8
2022-02-20,18,Spring,26.2,63.7,24.0,5.44,3,5.5,1.8,No Holiday,Yes,49.5
2022-02-20,19,Autumn,23.3,59.5,21.9,5.37,2,5.0,1.9,No Holiday,Yes,47.1
2022-02-20,20,Spring,23.6,54.5,22.2,4.35,3,5.8,2.5,No Holiday,Yes,51.3
2022-02-20,21,Summer,26.3,57.0,24.6,4.38,4,5.6,3.2,No Holiday,Yes,53.5
2022-02-20,22,Spring,23.0,58.2,21.5,4.22,3,7.0,1.1,Holiday,No,49.6
2022-02-20,23,Autumn,25.5,59.3,23.7,4.9,5,6.6,1.5,No Holiday,Yes,51.6
2022-02-21,0,Spring,17.5,54.3,15.6,4.39,3,6.6,0.4,No Holiday,Yes,44.1
2022-02-21,1,Summer,28.1,59.0,25.6,5.09,5,5.1,1.7,Holiday,No,50.3
2022-02-21,2,Autumn,27.0,46.1,25.2,4.75,2,5.7,2.6,Holiday,No,44.4
2022-02-21,3,Winter,22.9,55.6,21.7,5.04,4,5.6,1.6,No Holiday,Yes,46.3
2022-02-21,4,Summer,30.3,54.0,27.7,4.87,1,2.6,3.8,No Holiday,Yes,51.9
2022-02-21,5,Autumn,31.7,58.0,30.1,5.68,2,7.1,2.1,No Holiday,Yes,53.3
2022-02-21,6,Autumn,19.0,59.4,17.0,3.75,2,1.7,1.9,No Holiday,Yes,33.1
2022-02-21,7,Winter,23.2,52.4,21.0,4.53,1,6.4,1.6,No Holiday,Yes,46.3
2022-02-21,8,Spring,23.2,54.1,21.1,4.26,3,5.5,0.6,No Holiday,Yes,43.8
2022-02-21,9,Spring,22.3,59.1,19.8,4.2,3,4.4,1.9,No Holiday,Yes,40.9
2022-02-21,10,Summer,31.1,55.3,28.9,4.93,3,5.8,2.4,No Holiday,Yes,53.0
2022-02-21,11,Winter,26.0,54.9,24.5,5.28,4,5.8,1.9,No Holiday,Yes,49.6
2022-02-21,12,Spring,25.7,55.4,22.6,4.2,2,2.4,2.2,No Holiday,Yes,35.4
2022-02-21,13,Winter,17.0,62.7,14.9,3.33,5,7.8,1.3,No Holiday,Yes,44.6
2022-02-21,14,Spring,30.2,53.9,28.3,6.08,1,5.1,0.8,No Holiday,Yes,47.1
2022-02-21,15,Autumn,20.8,58.4,18.3,4.57,2,9.6,1.9,No Holiday,Yes,46.5
2022-02-21,16,Spring,27.3,65.5,25.2,3.54,3,6.6,2.2,No Holiday,Yes,53.3
2022-02-21,17,Winter,28.4,50.8,26.2,4.56,1,5.1,1.8,No Holiday,Yes,49.1
2022-02-21,18,Autumn,33.8,47.5,30.6,4.47,5,3.6,2.2,Holiday,No,50.5
2022-02-21,19,Autumn,20.5,62.0,18.6,3.57,2,4.8,2.8,No Holiday,Yes,45.0
2022-02-21,20,Autumn,11.9,58.7,10.1,1.62,2,5.3,2.8,No Holiday,Yes,38.2
2022-02-21,21,Winter,27.9,55.4,25.9,4.72,4,7.9,2.9,No Holiday,Yes,53.0
2022-02-21,22,Summer,36.0,51.1,33.5,5.03,2,7.5,3.0,No Holiday,Yes,62.9
2022-02-21,23,Summer,33.2,54.0,31.9,5.35,2,5.9,2.5,No Holiday,Yes,57.5
2022-02-22,0,Summer,28.0,63.0,27.0,3.99,5,8.5,2.4,No Holiday,Yes,52.9
2022-02-22,1,Winter,24.5,60.8,22.8,4.5,5,1.0,3.9,Holiday,No,43.2
2022-02-22,2,Autumn,31.0,59.1,29.9,4.9,1,5.9,2.8,Holiday,No,53.0
2022-02-22,3,Summer,22.1,52.7,20.3,4.96,3,7.5,1.2,No Holiday,Yes,48.9
2022-02-22,4,Winter,29.4,51.6,27.1,5.64,5,6.1,0.1,No Holiday,Yes,48.9
2022-02-22,5,Summer,29.5,44.8,28.0,5.35,1,2.3,1.8,Holiday,No,42.7
2022-02-22,6,Spring,32.3,52.1,31.0,5.07,2,7.8,2.6,No Holiday,Yes,59.6
2022-02-22,7,Summer,40.8,56.6,38.8,7.07,1,6.5,3.0,No Holiday,Yes,62.0
2022-02-22,8,Summer,29.0,58.4,26.5,4.12,1,5.7,0.7,No Holiday,Yes,51.8
2022-02-22,9,Autumn,24.5,56.8,23.3,3.74,1,5.2,2.7,Holiday,No,50.6
2022-02-22,10,Winter,26.9,56.8,24.5,4.65,1,9.0,3.1,No Holiday,Yes,55.4
2022-02-22,11,Autumn,18.2,56.8,15.7,4.94,5,5.9,2.6,No Holiday,Yes,42.6
2022-02-22,12,Autumn,23.5,58.8,21.0,4.25,3,4.5,2.4,No Holiday,Yes,43.3
2022-02-22,13,Autumn,25.0,60.6,22.3,4.4,1,3.4,1.9,No Holiday,Yes,43.7
2022-02-22,14,Autumn,24.4,51.2,21.3,3.72,4,6.5,1.5,Holiday,No,51.3
2022-02-22,15,Autumn,27.8,57.9,25.9,5.25,2,7.0,2.8,Holiday,No,48.2
2022-02-22,16,Summer,22.9,61.9,20.8,4.77,2,5.1,2.6,No Holiday,Yes,41.2
2022-02-22,17,Autumn,32.6,53.6,30.8,5.66,2,3.9,1.7,No Holiday,Yes,48.8
2022-02-22,18,Autumn,27.0,59.7,25.0,4.39,2,7.7,4.5,No Holiday,Yes,57.3
2022-02-22,19,Winter,27.0,68.2,24.2,4.34,2,3.2,0.5,No Holiday,Yes,39.3
2022-02-22,20,Spring,25.4,57.0,24.0,3.89,1,8.9,1.8,Holiday,No,54.2
2022-02-22,21,Summer,27.8,58.2,26.2,4.82,3,3.5,1.2,No Holiday,Yes,41.8
2022-02-22,22,Summer,31.1,52.7,28.4,4.57,4,2.4,2.4,No Holiday,Yes,44.7
2022-02-22,23,Summer,22.7,58.9,20.2,3.68,5,2.7,0.1,Holiday,No,40.4
2022-02-23,0,Autumn,23.7,59.7,21.9,4.16,4,2.8,3.3,No Holiday,Yes,41.4
2022-02-23,1,Autumn,25.5,58.1,23.1,4.3,5,4.5,3.0,Holiday,No,45.8
2022-02-23,2,Autumn,20.3,54.8,18.1,3.76,5,4.1,2.3,No Holiday,Yes,40.9
2022-02-23,3,Winter,22.9,59.0,20.2,4.52,4,7.0,1.7,No Holiday,Yes,51.2
2022-02-23,4,Spring,24.6,63.5,22.6,4.5,1,6.8,2.7,No Holiday,Yes,50.3
2022-02-23,5,Autumn,31.4,57.4,28.9,4.99,2,4.6,2.3,No Holiday,Yes,48.9
2022-02-23,6,Spring,28.3,60.4,25.0,4.92,1,10.0,3.0,No Holiday,Yes,61.8
2022-02-23,7,Winter,28.0,55.7,25.7,4.3,2,4.5,1.9,Holiday,No,49.5
2022-02-23,8,Summer,31.3,58.6,29.2,5.18,3,4.8,1.8,No Holiday,Yes,53.7
2022-02-23,9,Autumn,26.3,58.2,24.0,4.71,5,2.4,3.1,No Holiday,Yes,43.4
2022-02-23,10,Spring,29.0,52.5,27.1,4.14,4,4.8,2.6,Holiday,No,50.8
2022-02-23,11,Spring,26.5,58.3,23.3,5.15,3,5.6,1.8,No Holiday,Yes,50.4
2022-02-23,12,Autumn,28.3,52.5,26.2,4.39,2,2.6,2.4,No Holiday,Yes,44.6
2022-02-23,13,Summer,24.1,55.2,22.2,4.45,1,4.0,2.2,No Holiday,Yes,47.3
2022-02-23,14,Summer,14.8,61.3,13.2,4.06,4,5.7,2.5,No Holiday,Yes,41.9
2022-02-23,15,Summer,26.3,58.3,23.8,5.1,5,4.0,3.3,No Holiday,Yes,52.4
2022-02-23,16,Winter,34.1,50.0,31.7,5.43,3,3.5,1.7,No Holiday,Yes,52.1
2022-02-23,17,Spring,31.6,59.7,29.9,4.98,5,6.6,1.4,No Holiday,Yes,47.7
2022-02-23,18,Spring,31.8,57.7,29.5,5.66,2,2.4,2.3,No Holiday,Yes,45.4
2022-02-23,19,Spring,33.2,52.2,31.9,5.66,5,2.8,1.5,No Holiday,Yes,42.1
2022-02-23,20,Winter,27.4,50.6,25.4,4.44,1,5.4,1.1,No Holiday,Yes,44.9
2022-02-23,21,Spring,28.0,56.0,25.8,4.4,3,6.7,3.0,Holiday,No,52.0
2022-02-23,22,Winter,23.9,56.0,21.1,3.35,3,5.6,1.7,No Holiday,Yes,48.3
2022-02-23,23,Summer,25.4,57.8,23.8,4.62,1,4.6,0.1,No Holiday,Yes,41.2
2022-02-24,0,Autumn,30.1,54.5,28.7,4.97,5,4.4,2.8,No Holiday,Yes,54.0
2022-02-24,1,Spring,33.0,47.1,31.5,5.87,1,7.0,1.6,No Holiday,Yes,53.1
2022-02-24,2,Spring,26.3,55.6,25.0,4.81,4,6.7,2.6,No Holiday,Yes,50.3
2022-02-24,3,Summer,24.7,56.4,22.1,5.14,1,5.1,3.1,No Holiday,Yes,43.7
2022-02-24,4,Autumn,27.0,59.4,24.2,4.35,5,4.4,2.2,No Holiday,Yes,51.1
2022-02-24,5,Winter,30.0,53.2,27.8,5.57,1,5.1,0.0,Holiday,No,51.5
2022-02-24,6,Autumn,19.8,65.8,17.2,3.71,2,3.5,0.0,No Holiday,Yes,35.9
2022-02-24,7,Summer,15.5,52.7,13.5,3.94,1,4.7,1.3,No Holiday,Yes,32.0
2022-02-24,8,Summer,24.2,63.0,22.3,3.7,1,4.0,1.9,Holiday,No,42.9
2022-02-24,9,Autumn,20.9,57.8,19.1,4.21,5,4.8,3.2,Holiday,No,44.7
2022-02-24,10,Winter,24.5,61.1,22.6,3.45,4,4.1,2.3,No Holiday,Yes,42.3
2022-02-24,11,Winter,26.3,57.4,25.0,4.49,4,6.0,4.6,No Holiday,Yes,60.0
2022-02-24,12,Spring,24.7,62.1,22.6,4.69,5,6.6,0.5,Holiday,No,52.4
2022-02-24,13,Winter,34.3,53.2,32.3,5.17,5,4.2,2.1,No Holiday,Yes,46.5
2022-02-24,14,Autumn,28.6,52.0,26.3,4.34,5,3.4,1.6,No Holiday,Yes,41.1
2022-02-24,15,Summer,28.5,62.1,26.5,5.27,2,6.4,2.2,No Holiday,Yes,53.5
2022-02-24,16,Spring,30.1,55.5,28.2,4.96,3,5.4,3.8,No Holiday,Yes,50.0
2022-02-24,17,Spring,21.3,59.5,19.7,3.89,1,4.3,3.8,No Holiday,Yes,44.8
2022-02-24,18,Summer,32.2,60.3,30.2,5.24,5,7.8,2.1,No Holiday,Yes,57.4
2022-02-24,19,Winter,26.6,52.9,24.3,5.98,5,3.9,2.9,Holiday,No,45.9
2022-02-24,20,Summer,30.4,58.3,28.9,5.61,5,1.0,2.2,No Holiday,Yes,45.6
2022-02-24,21,Winter,21.6,56.1,19.6,4.75,4,3.6,0.9,No Holiday,Yes,44.1
2022-02-24,22,Summer,19.2,58.7,17.1,4.14,5,8.2,2.0,No Holiday,Yes,49.0
2022-02-24,23,Autumn,31.1,56.0,29.4,5.19,1,4.4,1.5,No Holiday,Yes,45.0
2022-02-25,0,Winter,28.9,50.3,27.2,3.69,5,4.0,1.9,Holiday,No,46.9
2022-02-25,1,Autumn,22.5,55.1,20.4,3.91,1,5.1,1.1,No Holiday,Yes,40.8
2022-02-25,2,Spring,22.7,63.6,21.2,4.02,2,7.0,2.2,No Holiday,Yes,54.6
2022-02-25,3,Summer,32.6,58.8,30.5,4.33,3,4.8,2.3,No Holiday,Yes,54.2
2022-02-25,4,Spring,21.1,58.4,19.5,3.53,4,6.2,2.7,Holiday,No,47.4
2022-02-25,5,Spring,35.2,55.4,32.7,4.53,1,4.6,2.3,No Holiday,Yes,55.6
2022-02-25,6,Spring,22.5,57.1,19.3,4.23,2,6.2,3.6,No Holiday,Yes,48.6
2022-02-25,7,Spring,30.2,61.4,28.6,5.43,3,5.4,4.2,No Holiday,Yes,58.0
2022-02-25,8,Summer,25.4,56.6,23.1,5.09,3,4.2,1.6,No Holiday,Yes,42.2
2022-02-25,9,Spring,30.0,56.9,28.4,5.21,3,5.5,3.0,No Holiday,Yes,55.2
2022-02-25,10,Summer,24.3,62.3,21.8,3.95,1,3.9,4.1,Holiday,No,51.3
2022-02-25,11,Summer,26.2,54.0,24.8,3.65,2,2.2,3.0,No Holiday,Yes,40.2
2022-02-25,12,Autumn,27.2,63.1,25.0,3.84,5,5.0,2.7,No Holiday,Yes,49.9
2022-02-25,13,Winter,22.0,52.3,20.4,3.56,2,2.4,0.2,Holiday,No,36.6
2022-02-25,14,Winter,30.7,62.3,28.8,4.63,2,6.2,1.4,No Holiday,Yes,49.0
2022-02-25,15,Summer,24.4,56.2,22.9,4.36,2,4.9,1.6,No Holiday,Yes,40.5
2022-02-25,16,Autumn,25.9,56.3,23.4,4.08,1,7.8,3.4,Holiday,No,51.5
2022-02-25,17,Summer,22.0,50.8,20.4,4.37,1,4.3,1.3,No Holiday,Yes,40.6
2022-02-25,18,Summer,14.2,58.9,11.9,3.3,1,5.0,1.9,No Holiday,Yes,38.3
2022-02-25,19,Summer,26.0,53.0,24.2,4.61,2,2.1,2.8,No Holiday,Yes,40.8
2022-02-25,20,Autumn,39.1,50.9,37.1,6.48,1,2.8,1.2,No Holiday,Yes,57.0
2022-02-25,21,Winter,30.9,55.2,28.8,4.5,3,1.6,2.3,No Holiday,Yes,47.3
2022-02-25,22,Autumn,26.9,60.8,25.3,4.9,1,7.2,2.1,Holiday,No,53.5
2022-02-25,23,Spring,25.7,58.1,23.6,4.56,4,4.1,2.9,No Holiday,Yes,44.6
2022-02-26,0,Autumn,27.1,58.1,24.3,4.54,1,7.7,2.7,No Holiday,Yes,54.1
2022-02-26,1,Autumn,29.7,51.7,28.1,5.42,1,0.0,2.6,No Holiday,Yes,43.6
2022-02-26,2,Autumn,21.1,55.1,18.5,4.55,1,8.1,2.2,Holiday,No,51.9
2022-02-26,3,Autumn,32.6,62.4,29.8,4.78,1,4.9,0.3,No Holiday,Yes,52.1
2022-02-26,4,Winter,30.6,52.9,29.0,4.97,4,5.7,2.1,No Holiday,Yes,50.8
2022-02-26,5,Spring,30.6,62.4,29.3,5.2,5,2.9,2.1,No Holiday,Yes,44.9
2022-02-26,6,Winter,29.2,55.3,27.0,4.78,1,6.1,2.8,No Holiday,Yes,48.1
2022-02-26,7,Winter,27.1,56.9,25.4,5.0,3,4.3,1.6,No Holiday,Yes,47.0
2022-02-26,8,Autumn,30.4,60.2,27.4,5.18,4,2.6,2.0,Holiday,No,41.0
2022-02-26,9,Summer,30.0,61.1,27.9,5.91,5,2.6,2.1,No Holiday,Yes,45.3
2022-02-26,10,Summer,25.2,57.0,23.6,3.76,1,2.5,1.3,No Holiday,Yes,38.8
2022-02-26,11,Winter,24.1,56.2,22.7,4.35,5,5.8,0.8,No Holiday,Yes,45.6
2022-02-26,12,Winter,27.5,56.5,25.0,4.3,3,3.7,2.4,No Holiday,Yes,49.4
2022-02-26,13,Autumn,34.7,55.9,33.0,5.78,4,1.7,3.0,No Holiday,Yes,52.6
2022-02-26,14,Winter,20.8,62.3,18.8,3.27,4,5.7,1.4,No Holiday,Yes,45.4
2022-02-26,15,Autumn,19.7,59.1,17.2,4.14,5,0.7,1.8,Holiday,No,30.4
2022-02-26,16,Summer,27.8,59.1,26.1,4.47,1,7.7,2.8,No Holiday,Yes,54.7
2022-02-26,17,Summer,27.3,63.4,25.3,4.36,2,9.0,2.9,No Holiday,Yes,54.7
2022-02-26,18,Spring,27.9,58.2,25.9,4.06,4,2.4,2.2,Holiday,No,41.3
2022-02-26,19,Summer,28.2,57.8,25.9,4.59,2,7.1,2.4,Holiday,No,54.7
2022-02-26,20,Winter,25.9,51.2,23.6,5.13,4,5.7,2.5,Holiday,No,45.5
2022-02-26,21,Summer,34.4,44.1,32.6,5.43,1,4.0,2.7,No Holiday,Yes,50.5
2022-02-26,22,Autumn,19.0,60.9,17.0,4.21,1,4.1,0.9,No Holiday,Yes,34.6
2022-02-26,23,Summer,22.9,57.8,21.0,5.12,4,6.3,3.9,Holiday,No,51.6
2022-02-27,0,Spring,26.5,55.0,25.2,4.78,5,4.9,2.3,Holiday,No,46.1
2022-02-27,1,Summer,18.8,60.3,16.7,3.6,1,0.0,2.7,No Holiday,Yes,25.5
2022-02-27,2,Autumn,26.1,56.9,23.2,4.85,1,9.1,1.2,No Holiday,Yes,58.8
2022-02-27,3,Autumn,35.3,58.9,33.7,5.26,3,5.9,1.8,Holiday,No,58.7
2022-02-27,4,Winter,27.1,57.2,25.5,4.46,1,4.9,2.4,No Holiday,Yes,41.9
2022-02-27,5,Summer,28.2,53.6,26.6,4.06,3,3.6,0.2,No Holiday,Yes,44.8
2022-02-27,6,Autumn,20.7,62.8,18.3,4.53,1,4.6,1.1,No Holiday,Yes,45.2
2022-02-27,7,Spring,23.9,57.0,21.7,4.2,1,7.5,1.3,No Holiday,Yes,48.4
2022-02-27,8,Winter,25.1,59.6,23.2,4.6,5,5.5,0.7,No Holiday,Yes,45.7
2022-02-27,9,Spring,25.4,55.5,23.9,4.02,5,5.8,2.1,Holiday,No,46.8
2022-02-27,10,Summer,33.4,52.4,31.4,5.56,1,2.5,1.9,No Holiday,Yes,48.8
2022-02-27,11,Summer,29.8,56.4,28.6,4.6,4,4.3,3.4,No Holiday,Yes,53.5
2022-02-27,12,Summer,21.4,58.6,19.4,4.07,4,5.1,0.9,No Holiday,Yes,38.0
2022-02-27,13,Winter,28.2,58.4,25.8,5.26,1,6.4,2.2,No Holiday,Yes,49.5
2022-02-27,14,Autumn,29.5,55.1,28.1,5.34,4,4.2,1.1,No Holiday,Yes,46.7
2022-02-27,15,Winter,32.7,47.8,31.5,5.26,1,6.9,0.3,Holiday,No,53.6
2022-02-27,16,Spring,34.9,52.8,32.1,4.61,5,2.7,2.6,No Holiday,Yes,51.1
2022-02-27,17,Winter,21.9,61.6,20.2,5.69,2,5.1,2.7,No Holiday,Yes,44.3
2022-02-27,18,Spring,22.9,56.9,20.4,5.17,3,4.8,2.6,No Holiday,Yes,42.0
2022-02-27,19,Winter,20.7,57.8,18.8,4.43,4,2.0,0.7,No Holiday,Yes,37.4
2022-02-27,20,Autumn,25.8,61.2,23.9,4.21,4,4.9,2.1,No Holiday,Yes,43.0
2022-02-27,21,Spring,29.3,53.4,27.1,4.88,5,3.8,2.6,No Holiday,Yes,46.2
2022-02-27,22,Summer,31.9,49.2,30.4,4.92,4,7.8,3.0,No Holiday,Yes,58.1
2022-02-27,23,Summer,26.6,56.4,24.6,5.29,1,4.2,2.6,No Holiday,Yes,47.9
2022-02-28,0,Winter,25.4,55.4,23.6,4.67,1,5.7,3.0,No Holiday,Yes,48.1
2022-02-28,1,Summer,27.8,52.8,26.4,4.38,2,2.5,3.1,No Holiday,Yes,46.8
2022-02-28,2,Spring,22.8,57.5,20.7,4.05,2,5.5,2.1,No Holiday,Yes,49.0
2022-02-28,3,Summer,37.4,55.7,35.6,6.31,2,4.2,2.5,No Holiday,Yes,53.0
2022-02-28,4,Autumn,19.0,59.3,17.0,4.7,1,3.4,3.0,No Holiday,Yes,40.7
2022-02-28,5,Autumn,27.9,57.9,26.5,5.56,2,10.0,2.4,No Holiday,Yes,59.6
2022-02-28,6,Winter,37.1,61.1,34.3,6.09,2,4.3,3.2,No Holiday,Yes,55.1
2022-02-28,7,Spring,27.0,55.5,24.6,4.58,1,4.6,2.9,No Holiday,Yes,42.1
2022-02-28,8,Autumn,26.0,58.3,23.6,2.98,5,6.8,1.4,Holiday,No,50.5
2022-02-28,9,Autumn,25.2,55.4,23.4,4.67,4,3.5,0.7,No Holiday,Yes,42.3
2022-02-28,10,Spring,26.1,53.8,25.0,4.61,3,5.8,2.0,No Holiday,Yes,51.5
2022-02-28,11,Summer,33.9,52.5,30.9,5.46,1,6.0,0.8,No Holiday,Yes,52.0
2022-02-28,12,Summer,15.9,58.3,14.0,3.62,1,5.5,2.1,No Holiday,Yes,37.8
2022-02-28,13,Winter,34.7,56.0,33.0,4.8,3,9.6,2.0,No Holiday,Yes,60.0
2022-02-28,14,Summer,19.9,68.4,17.7,4.27,3,3.4,3.3,No Holiday,Yes,32.1
2022-02-28,15,Spring,25.7,54.4,23.1,4.88,2,8.1,2.5,No Holiday,Yes,51.9
2022-02-28,16,Autumn,24.9,55.9,22.9,4.83,3,5.9,3.0,No Holiday,Yes,57.3
2022-02-28,17,Summer,29.9,55.8,27.3,5.47,4,6.8,1.5,No Holiday,Yes,56.5
2022-02-28,18,Winter,19.0,60.9,16.5,4.2,4,5.7,3.5,No Holiday,Yes,41.9
2022-02-28,19,Summer,29.3,57.3,27.8,4.73,4,8.8,2.9,No Holiday,Yes,56.6
2022-02-28,20,Spring,37.1,59.0,35.5,5.68,4,4.4,2.4,Holiday,No,53.4
2022-02-28,21,Winter,20.2,49.2,17.7,4.06,4,6.0,0.2,No Holiday,Yes,45.1
2022-02-28,22,Summer,27.9,47.1,27.3,4.85,2,7.6,3.2,No Holiday,Yes,61.4
2022-02-28,23,Winter,23.7,55.9,21.8,4.87,1,3.9,3.8,No Holiday,Yes,45.4
2022-03-01,0,Spring,29.1,60.7,27.8,5.23,3,7.0,2.0,No Holiday,Yes,54.1
2022-03-01,1,Autumn,27.1,50.6,25.3,5.75,1,5.0,2.0,No Holiday,Yes,48.7
2022-03-01,2,Spring,23.8,45.8,21.9,5.48,3,2.5,1.5,No Holiday,Yes,38.6
2022-03-01,3,Spring,29.4,58.5,27.6,4.98,2,2.1,0.4,No Holiday,Yes,42.1
2022-03-01,4,Spring,36.0,55.2,34.3,3.68,2,4.8,1.4,No Holiday,Yes,53.5
2022-03-01,5,Spring,26.0,52.8,24.6,5.22,5,7.0,3.7,Holiday,No,54.4
2022-03-01,6,Autumn,30.6,51.9,27.5,4.79,5,0.8,3.1,No Holiday,Yes,37.4
2022-03-01,7,Autumn,20.5,55.0,17.6,3.65,2,5.4,1.2,No Holiday,Yes,40.4
2022-03-01,8,Winter,22.2,58.8,20.8,4.02,2,6.8,1.4,No Holiday,Yes,42.9
2022-03-01,9,Summer,29.4,53.7,26.6,4.71,3,2.4,4.1,No Holiday,Yes,49.3
2022-03-01,10,Autumn,34.4,56.7,32.6,5.75,2,3.7,1.0,No Holiday,Yes,46.9
2022-03-01,11,Autumn,28.8,44.9,26.7,4.1,1,6.1,1.3,No Holiday,Yes,44.8
2022-03-01,12,Summer,25.4,53.9,23.5,4.0,3,6.7,1.6,Holiday,No,43.4
2022-03-01,13,Autumn,27.0,52.4,25.3,4.87,2,8.2,0.6,No Holiday,Yes,52.9
2022-03-01,14,Spring,20.7,57.8,18.3,4.39,3,3.8,1.5,No Holiday,Yes,36.5
2022-03-01,15,Spring,30.0,53.8,28.0,5.32,3,3.4,1.5,Holiday,No,45.2
2022-03-01,16,Summer,31.4,58.8,29.6,4.75,4,8.3,1.1,No Holiday,Yes,61.1
2022-03-01,17,Winter,24.7,50.1,23.4,3.98,5,3.5,3.3,Holiday,No,45.4
2022-03-01,18,Winter,24.6,57.8,23.1,4.21,3,6.0,0.8,No Holiday,Yes,44.4
2022-03-01,19,Summer,28.3,58.7,27.2,4.95,3,9.4,1.9,Holiday,No,53.6
2022-03-01,20,Summer,24.8,65.0,22.8,5.22,4,6.5,1.1,No Holiday,Yes,49.1
2022-03-01,21,Spring,26.7,55.1,25.3,3.64,2,6.6,1.8,No Holiday,Yes,49.5
2022-03-01,22,Winter,37.5,55.0,35.6,5.64,3,7.6,1.1,No Holiday,Yes,61.2
2022-03-01,23,Autumn,25.8,50.1,23.1,3.91,4,6.0,2.1,No Holiday,Yes,41.2
2022-03-02,0,Spring,25.2,47.9,22.6,3.69,1,6.6,2.3,No Holiday,Yes,52.6
2022-03-02,1,Summer,23.8,61.3,21.8,4.86,4,4.3,3.4,No Holiday,Yes,40.7
2022-03-02,2,Winter,30.7,55.8,28.8,5.34,5,7.3,1.4,No Holiday,Yes,52.7
2022-03-02,3,Autumn,26.1,61.9,23.2,4.83,5,5.8,3.6,No Holiday,Yes,55.2
2022-03-02,4,Autumn,23.8,52.4,21.5,4.84,2,2.0,1.2,No Holiday,Yes,30.8
2022-03-02,5,Spring,33.6,57.0,31.8,5.12,2,5.5,1.8,No Holiday,Yes,53.1
2022-03-02,6,Winter,34.1,62.2,32.8,5.19,5,0.7,3.8,No Holiday,Yes,46.5
2022-03-02,7,Winter,24.0,59.5,21.8,5.49,5,6.4,4.9,No Holiday,Yes,52.3
2022-03-02,8,Summer,17.7,60.8,15.3,3.64,3,4.5,3.7,No Holiday,Yes,42.8
2022-03-02,9,Winter,32.0,55.4,30.4,5.57,5,8.8,1.8,Holiday,No,58.7
2022-03-02,10,Winter,23.6,51.6,21.4,4.36,2,6.0,2.5,No Holiday,Yes,43.2
2022-03-02,11,Spring,31.0,61.1,29.1,4.17,5,6.8,2.7,Holiday,No,55.8
2022-03-02,12,Winter,17.1,57.4,15.2,2.69,2,2.9,2.3,No Holiday,Yes,35.9
2022-03-02,13,Autumn,31.5,57.6,30.7,4.86,1,6.4,1.0,No Holiday,Yes,52.1
2022-03-02,14,Spring,20.9,52.5,19.1,4.62,5,3.7,2.2,No Holiday,Yes,46.4
2022-03-02,15,Spring,30.7,51.1,28.2,5.46,2,7.2,1.5,Holiday,No,57.7
2022-03-02,16,Summer,27.1,62.6,25.4,5.16,4,2.8,1.0,Holiday,No,47.3
2022-03-02,17,Winter,22.2,56.9,20.2,3.73,3,5.2,1.7,Holiday,No,44.6
2022-03-02,18,Summer,25.0,63.3,23.3,5.3,2,2.7,2.3,No Holiday,Yes,47.3
2022-03-02,19,Autumn,30.4,55.6,28.3,4.56,5,5.3,3.0,No Holiday,Yes,49.6
2022-03-02,20,Spring,27.5,49.4,25.6,4.86,5,9.0,1.7,No Holiday,Yes,54.1
2022-03-02,21,Spring,29.9,59.6,28.4,4.99,1,6.4,1.9,No Holiday,Yes,50.9
2022-03-02,22,Spring,36.9,51.6,34.2,5.6,4,4.9,2.8,No Holiday,Yes,54.7
2022-03-02,23,Autumn,19.2,62.0,16.7,4.59,2,0.1,2.1,No Holiday,Yes,31.8
2022-03-03,0,Autumn,35.1,54.6,33.4,5.16,4,3.9,2.4,Holiday,No,52.8
2022-03-03,1,Summer,27.5,50.6,25.3,4.08,1,5.9,2.1,Holiday,No,50.9
2022-03-03,2,Summer,22.5,58.9,20.2,4.26,3,4.0,2.2,No Holiday,Yes,47.4
2022-03-03,3,Summer,20.3,67.7,18.0,3.83,4,7.9,0.9,No Holiday,Yes,42.2
2022-03-03,4,Winter,26.1,59.2,24.9,6.29,1,5.1,2.1,No Holiday,Yes,43.7
2022-03-03,5,Spring,31.6,55.3,29.1,5.5,2,7.2,3.4,No Holiday,Yes,50.2
2022-03-03,6,Spring,26.4,61.4,24.6,4.43,3,5.4,2.2,No Holiday,Yes,45.7
2022-03-03,7,Summer,34.6,55.5,32.7,4.93,5,4.4,1.2,No Holiday,Yes,49.7
2022-03-03,8,Spring,19.7,59.9,16.4,3.03,1,4.1,3.5,Holiday,No,40.0
2022-03-03,9,Summer,26.9,52.6,24.8,4.18,5,3.0,2.7,No Holiday,Yes,40.8
2022-03-03,10,Winter,20.7,59.7,18.9,4.13,3,7.2,2.8,No Holiday,Yes,48.4
2022-03-03,11,Winter,28.8,60.5,27.9,5.6,1,4.1,2.7,Holiday,No,47.3
2022-03-03,12,Autumn,31.4,52.2,28.7,5.7,1,6.0,0.9,No Holiday,Yes,48.5
2022-03-03,13,Winter,24.9,63.2,23.6,4.6,3,3.9,2.6,No Holiday,Yes,45.4
2022-03-03,14,Summer,14.0,60.4,12.5,3.24,2,2.8,3.4,No Holiday,Yes,33.2
2022-03-03,15,Winter,28.0,53.1,26.2,4.93,1,6.1,1.5,No Holiday,Yes,53.0
2022-03-03,16,Autumn,29.2,60.2,26.5,4.66,3,3.5,0.1,No Holiday,Yes,43.0
2022-03-03,17,Spring,29.0,55.1,26.6,5.76,4,4.2,2.4,No Holiday,Yes,46.9
2022-03-03,18,Summer,33.2,58.1,31.3,5.22,5,2.5,2.0,No Holiday,Yes,48.3
2022-03-03,19,Spring,21.6,57.3,19.5,4.12,1,4.0,0.5,No Holiday,Yes,32.9
2022-03-03,20,Autumn,30.4,55.6,28.7,3.93,4,5.0,2.6,No Holiday,Yes,54.7
2022-03-03,21,Autumn,33.0,57.1,30.9,5.2,1,4.4,2.5,No Holiday,Yes,54.2
2022-03-03,22,Autumn,18.1,60.7,16.1,4.23,2,6.6,0.5,Holiday,No,39.2
2022-03-03,23,Spring,28.6,48.4,26.1,4.33,3,5.3,3.9,No Holiday,Yes,48.3
2022-03-04,0,Spring,24.5,53.2,22.0,4.07,1,10.0,2.8,No Holiday,Yes,53.3
2022-03-04,1,Spring,26.6,60.7,24.3,5.06,3,5.8,0.1,No Holiday,Yes,41.9
2022-03-04,2,Spring,28.7,55.8,26.9,4.14,1,1.5,2.8,No Holiday,Yes,38.0
2022-03-04,3,Autumn,24.6,55.5,22.2,4.99,2,4.6,2.8,No Holiday,Yes,41.4
2022-03-04,4,Autumn,23.6,52.5,21.7,4.1,2,4.7,3.4,No Holiday,Yes,38.2
2022-03-04,5,Summer,27.2,52.5,25.7,4.52,4,3.8,1.4,No Holiday,Yes,42.9
2022-03-04,6,Summer,21.6,50.4,19.8,3.59,2,5.1,2.8,No Holiday,Yes,43.9
2022-03-04,7,Spring,21.6,58.1,19.5,4.35,3,3.7,1.8,No Holiday,Yes,44.1
2022-03-04,8,Winter,30.4,53.5,27.9,6.27,2,5.7,1.4,No Holiday,Yes,53.4
2022-03-04,9,Winter,21.3,54.8,19.3,4.52,1,1.2,1.1,Holiday,No,31.6
2022-03-04,10,Autumn,30.3,55.6,28.9,4.6,2,7.3,0.1,No Holiday,Yes,51.0
2022-03-04,11,Autumn,29.3,57.7,27.3,5.5,3,1.8,2.5,No Holiday,Yes,47.1
2022-03-04,12,Autumn,18.4,67.9,16.3,3.68,1,4.5,1.7,No Holiday,Yes,38.3
2022-03-04,13,Summer,23.6,51.9,21.5,5.05,4,3.5,0.0,No Holiday,Yes,39.1
2022-03-04,14,Summer,33.0,59.7,30.5,5.7,4,5.6,2.1,No Holiday,Yes,51.9
2022-03-04,15,Autumn,22.1,62.3,19.6,2.74,4,4.6,3.2,No Holiday,Yes,44.9
2022-03-04,16,Autumn,24.7,54.5,23.0,3.97,1,5.5,0.7,No Holiday,Yes,44.8
2022-03-04,17,Autumn,29.3,57.0,27.6,5.4,4,7.2,1.3,No Holiday,Yes,51.6
2022-03-04,18,Winter,30.9,53.9,29.4,5.17,2,6.5,2.4,No Holiday,Yes,57.4
2022-03-04,19,Summer,25.7,58.0,23.4,4.06,1,5.1,0.0,No Holiday,Yes,41.0
2022-03-04,20,Winter,24.0,63.8,21.3,4.08,1,5.9,1.5,No Holiday,Yes,46.8
2022-03-04,21,Winter,34.1,57.2,32.3,4.46,1,8.9,2.3,No Holiday,Yes,66.9
2022-03-04,22,Autumn,35.7,56.3,33.8,5.53,5,6.6,1.4,No Holiday,Yes,57.7
2022-03-04,23,Autumn,31.9,53.7,29.2,6.29,3,4.4,0.7,Holiday,No,45.7
2022-03-05,0,Spring,27.4,50.8,25.2,5.15,5,7.6,0.7,No Holiday,Yes,51.8
2022-03-05,1,Spring,23.0,57.3,20.7,5.39,5,5.8,0.4,No Holiday,Yes,50.7
2022-03-05,2,Winter,22.8,63.0,21.4,4.73,5,3.1,1.4,No Holiday,Yes,39.7
2022-03-05,3,Summer,29.6,50.0,27.3,5.47,3,4.6,3.1,No Holiday,Yes,52.4
2022-03-05,4,Autumn,29.1,52.1,27.6,5.9,5,2.1,4.4,Holiday,No,46.5
2022-03-05,5,Autumn,34.0,55.3,32.6,5.59,4,0.4,2.0,No Holiday,Yes,44.7
2022-03-05,6,Winter,30.3,52.0,28.4,4.93,1,3.1,2.8,No Holiday,Yes,46.9
2022-03-05,7,Spring,19.5,56.0,17.8,4.46,1,5.2,1.1,No Holiday,Yes,37.4
2022-03-05,8,Summer,32.3,53.6,30.4,5.95,2,5.3,0.0,No Holiday,Yes,50.1
2022-03-05,9,Spring,22.0,52.9,20.7,3.96,4,2.2,3.9,No Holiday,Yes,36.7
2022-03-05,10,Spring,25.1,53.6,22.6,4.15,3,0.2,1.4,No Holiday,Yes,34.4
2022-03-05,11,Spring,28.3,59.3,25.7,4.89,1,7.9,2.7,Holiday,No,61.3
2022-03-05,12,Spring,37.0,48.7,36.0,6.11,5,5.2,2.2,No Holiday,Yes,55.4
2022-03-05,13,Autumn,42.5,45.8,40.1,6.65,2,8.1,3.0,No Holiday,Yes,64.3
2022-03-05,14,Autumn,30.0,53.5,28.4,4.29,2,8.0,3.0,No Holiday,Yes,57.8
2022-03-05,15,Spring,26.1,60.1,23.7,5.56,1,6.5,2.3,No Holiday,Yes,48.6
2022-03-05,16,Summer,29.7,55.3,27.7,4.65,4,5.1,2.4,Holiday,No,50.6
2022-03-05,17,Winter,31.4,53.7,29.4,5.01,2,4.2,3.2,No Holiday,Yes,47.5
2022-03-05,18,Summer,25.4,57.6,23.5,4.09,1,6.4,1.6,No Holiday,Yes,50.8
2022-03-05,19,Summer,36.0,47.2,33.4,6.95,4,4.7,3.6,Holiday,No,56.2
2022-03-05,20,Summer,28.2,58.5,26.8,4.94,1,3.8,1.3,No Holiday,Yes,42.0
2022-03-05,21,Spring,29.5,57.7,27.2,4.52,1,0.8,2.1,No Holiday,Yes,42.3
2022-03-05,22,Autumn,30.3,54.3,27.8,5.46,4,4.8,2.6,No Holiday,Yes,56.4
2022-03-05,23,Summer,29.1,60.3,26.7,5.3,4,7.2,0.4,No Holiday,Yes,48.9
2022-03-06,0,Spring,31.2,51.1,28.0,5.03,4,7.5,3.4,Holiday,No,59.9
2022-03-06,1,Summer,23.9,62.3,22.2,4.81,1,5.1,2.5,No Holiday,Yes,47.4
2022-03-06,2,Summer,24.2,58.4,21.7,4.01,2,3.2,5.3,No Holiday,Yes,47.9
2022-03-06,3,Spring,21.5,57.2,19.6,3.9,3,6.8,4.1,No Holiday,Yes,52.5
2022-03-06,4,Autumn,29.2,56.2,26.6,3.91,3,5.0,2.0,No Holiday,Yes,48.3
2022-03-06,5,Autumn,30.9,55.3,28.9,4.43,1,4.3,3.8,No Holiday,Yes,52.2
2022-03-06,6,Winter,29.3,61.1,27.5,5.83,1,2.1,2.8,Holiday,No,45.2
2022-03-06,7,Spring,35.4,50.1,32.7,6.36,2,9.2,2.2,No Holiday,Yes,60.0
2022-03-06,8,Winter,27.0,53.9,25.2,4.73,4,6.5,0.3,No Holiday,Yes,49.1
2022-03-06,9,Winter,30.3,60.0,29.1,5.87,1,6.7,0.6,No Holiday,Yes,50.4
2022-03-06,10,Winter,21.5,56.2,19.8,4.07,5,3.3,2.0,No Holiday,Yes,45.1
2022-03-06,11,Autumn,25.1,61.1,22.8,4.38,4,5.2,1.5,Holiday,No,44.2
2022-03-06,12,Spring,30.5,62.7,27.8,5.08,1,4.8,2.2,No Holiday,Yes,46.6
2022-03-06,13,Winter,31.2,54.0,29.2,5.06,5,6.6,3.4,No Holiday,Yes,59.2
2022-03-06,14,Spring,25.5,60.1,22.9,4.45,2,7.7,2.9,No Holiday,Yes,50.9
2022-03-06,15,Spring,26.6,52.4,25.3,5.24,5,2.1,1.3,No Holiday,Yes,36.5
2022-03-06,16,Autumn,19.4,62.2,17.6,4.02,1,2.9,2.9,No Holiday,Yes,39.9
2022-03-06,17,Winter,25.2,58.2,23.4,4.88,3,6.3,1.1,Holiday,No,51.3
2022-03-06,18,Winter,31.5,57.5,29.5,5.66,1,4.0,0.9,No Holiday,Yes,49.5
2022-03-06,19,Spring,29.9,53.5,27.8,5.18,3,6.6,2.4,No Holiday,Yes,51.7
2022-03-06,20,Summer,29.5,49.5,27.2,4.47,2,4.3,1.2,No Holiday,Yes,46.7
2022-03-06,21,Autumn,27.2,58.8,25.5,4.05,2,2.5,1.4,No Holiday,Yes,40.9
2022-03-06,22,Autumn,27.0,48.6,25.0,4.78,4,1.5,3.0,No Holiday,Yes,46.5
2022-03-06,23,Autumn,23.7,56.6,21.7,4.28,4,6.0,2.7,No Holiday,Yes,46.4
2022-03-07,0,Autumn,30.5,59.6,29.0,5.09,3,6.0,1.6,No Holiday,Yes,52.2
2022-03-07,1,Winter,29.1,57.0,27.2,4.9,3,6.9,0.4,Holiday,No,51.1
2022-03-07,2,Winter,29.5,64.0,27.5,6.24,2,5.7,1.3,Holiday,No,46.5
2022-03-07,3,Summer,24.4,61.8,22.5,3.77,5,0.0,3.9,No Holiday,Yes,37.9
2022-03-07,4,Autumn,16.2,57.5,14.2,2.63,3,6.0,3.0,Holiday,No,41.8
2022-03-07,5,Autumn,32.5,55.4,30.4,5.41,3,2.1,3.4,No Holiday,Yes,52.2
2022-03-07,6,Spring,24.6,57.4,22.8,4.27,5,1.3,2.3,No Holiday,Yes,39.1
2022-03-07,7,Winter,22.7,51.9,20.0,4.43,4,1.0,1.6,No Holiday,Yes,34.1
2022-03-07,8,Autumn,30.5,52.1,29.1,5.34,4,0.8,2.9,No Holiday,Yes,42.6
2022-03-07,9,Summer,25.0,55.2,23.4,5.15,3,5.6,3.3,No Holiday,Yes,48.6
2022-03-07,10,Summer,32.3,47.2,28.9,4.48,4,3.5,1.5,No Holiday,Yes,47.4
2022-03-07,11,Winter,30.1,56.2,28.6,4.73,4,2.0,1.3,No Holiday,Yes,45.5
2022-03-07,12,Summer,30.4,54.9,29.1,5.26,4,5.0,0.5,No Holiday,Yes,50.8
2022-03-07,13,Summer,20.2,52.3,17.8,4.4,2,2.8,1.3,No Holiday,Yes,33.2
2022-03-07,14,Winter,33.1,56.7,32.1,6.4,1,7.0,2.7,No Holiday,Yes,60.4
2022-03-07,15,Autumn,28.3,59.4,26.4,5.31,3,7.9,1.4,Holiday,No,55.8
2022-03-07,16,Autumn,25.2,58.4,22.1,4.49,3,4.6,2.9,No Holiday,Yes,46.4
2022-03-07,17,Summer,27.7,55.4,26.5,4.33,2,7.8,4.0,Holiday,No,52.0
2022-03-07,18,Summer,18.1,61.9,17.1,3.53,1,7.8,2.0,No Holiday,Yes,46.8
2022-03-07,19,Autumn,29.0,59.0,27.8,4.61,1,5.2,2.0,No Holiday,Yes,48.4
2022-03-07,20,Winter,21.9,59.7,19.4,4.51,2,8.5,2.5,Holiday,No,52.9
2022-03-07,21,Summer,20.2,55.6,17.7,4.15,5,3.8,1.4,Holiday,No,40.6
2022-03-07,22,Spring,19.4,60.3,17.6,3.28,5,1.1,1.4,Holiday,No,36.7
2022-03-07,23,Winter,32.6,60.0,30.2,5.04,1,1.9,1.4,No Holiday,Yes,41.7
2022-03-08,0,Summer,23.9,55.5,21.2,4.82,5,3.7,0.9,No Holiday,Yes,46.9
2022-03-08,1,Summer,34.7,63.0,31.8,5.64,5,6.1,2.9,No Holiday,Yes,60.1
2022-03-08,2,Spring,24.3,55.6,22.4,4.72,5,2.7,1.5,Holiday,No,42.0
2022-03-08,3,Spring,18.5,59.6,17.6,4.04,1,3.6,3.1,No Holiday,Yes,45.5
2022-03-08,4,Autumn,21.4,55.9,19.8,4.95,5,2.5,2.5,No Holiday,Yes,39.7
2022-03-08,5,Winter,33.2,55.9,31.4,5.44,3,3.7,2.0,No Holiday,Yes,52.8
2022-03-08,6,Winter,26.2,50.2,24.3,4.43,1,7.7,2.8,No Holiday,Yes,53.6
2022-03-08,7,Autumn,24.3,55.5,22.4,3.97,2,5.7,1.1,No Holiday,Yes,47.7
2022-03-08,8,Winter,27.8,52.3,25.2,4.9,5,3.8,1.2,Holiday,No,47.9
2022-03-08,9,Winter,29.5,56.7,26.9,3.73,4,7.4,2.7,No Holiday,Yes,58.6
2022-03-08,10,Winter,32.6,59.2,30.7,5.17,1,5.1,0.0,No Holiday,Yes,44.6
2022-03-08,11,Winter,34.2,57.3,31.7,5.32,2,5.3,2.0,No Holiday,Yes,52.6
2022-03-08,12,Winter,25.2,48.0,23.0,3.84,3,7.3,2.6,No Holiday,Yes,54.5
2022-03-08,13,Spring,20.4,67.1,18.3,3.57,2,4.3,3.3,No Holiday,Yes,44.7
2022-03-08,14,Winter,24.9,58.7,22.5,4.9,5,6.8,3.5,No Holiday,Yes,51.7
2022-03-08,15,Spring,28.3,53.4,26.3,4.95,4,6.7,1.9,No Holiday,Yes,53.0
2022-03-08,16,Winter,22.2,59.0,19.2,4.27,5,4.7,2.8,No Holiday,Yes,41.0
2022-03-08,17,Autumn,22.2,59.0,20.9,4.37,2,2.2,1.2,No Holiday,Yes,39.3
2022-03-08,18,Summer,28.7,53.7,27.0,4.92,1,5.0,1.6,No Holiday,Yes,49.2
2022-03-08,19,Spring,26.8,57.8,24.8,5.3,4,7.3,3.4,No Holiday,Yes,54.1
2022-03-08,20,Winter,27.2,54.4,24.9,4.78,4,6.6,2.0,No Holiday,Yes,50.1
2022-03-08,21,Autumn,23.2,56.4,20.6,3.59,2,8.4,2.2,Holiday,No,52.2
2022-03-08,22,Summer,25.8,54.5,23.9,5.4,5,4.0,1.0,No Holiday,Yes,42.1
2022-03-08,23,Spring,22.4,52.6,21.1,4.42,2,6.6,2.4,No Holiday,Yes,46.3
2022-03-09,0,Summer,31.5,56.1,29.0,4.85,4,3.0,2.8,No Holiday,Yes,53.4
2022-03-09,1,Autumn,32.2,57.7,29.8,4.59,2,5.4,2.7,No Holiday,Yes,48.8
2022-03-09,2,Spring,17.8,61.7,16.7,3.97,4,7.2,0.8,Holiday,No,38.2
2022-03-09,3,Summer,22.4,61.6,20.4,4.18,5,6.8,3.0,No Holiday,Yes,51.4
2022-03-09,4,Winter,19.5,60.4,18.3,4.74,1,5.2,1.0,No Holiday,Yes,36.9
2022-03-09,5,Spring,23.7,55.7,22.1,4.2,1,4.5,2.0,No Holiday,Yes,37.7
2022-03-09,6,Summer,26.6,60.4,25.0,4.24,2,3.0,0.4,No Holiday,Yes,43.9
2022-03-09,7,Autumn,19.8,53.6,17.3,4.42,4,4.5,1.8,No Holiday,Yes,44.1
2022-03-09,8,Autumn,22.4,54.7,20.3,4.7,1,2.4,1.0,No Holiday,Yes,33.0
2022-03-09,9,Spring,22.0,54.5,20.6,4.28,4,4.3,1.6,No Holiday,Yes,35.9
2022-03-09,10,Summer,28.0,60.9,25.6,5.14,5,1.4,2.1,No Holiday,Yes,37.7
2022-03-09,11,Spring,27.3,60.6,26.1,4.72,2,2.4,2.8,No Holiday,Yes,41.8
2022-03-09,12,Spring,23.4,59.9,21.2,4.46,4,6.7,2.8,No Holiday,Yes,55.1
2022-03-09,13,Summer,27.9,60.9,26.3,5.37,2,6.5,0.0,No Holiday,Yes,47.0
2022-03-09,14,Summer,24.3,54.2,22.4,4.74,4,4.4,2.7,Holiday,No,47.5
2022-03-09,15,Winter,25.6,58.7,23.4,4.48,4,5.1,2.2,No Holiday,Yes,49.2
2022-03-09,16,Summer,35.4,53.9,33.1,6.21,5,5.4,1.4,No Holiday,Yes,57.9
2022-03-09,17,Autumn,33.7,58.3,31.0,4.19,2,5.9,1.1,No Holiday,Yes,51.5
2022-03-09,18,Spring,20.5,58.4,18.5,5.08,3,5.7,1.9,No Holiday,Yes,43.6
2022-03-09,19,Spring,31.1,54.1,29.0,4.26,4,2.3,2.2,No Holiday,Yes,45.0
2022-03-09,20,Autumn,31.1,57.8,29.3,4.79,4,0.1,2.4,No Holiday,Yes,43.1
2022-03-09,21,Summer,21.3,62.1,19.2,4.11,1,3.0,1.8,No Holiday,Yes,42.4
2022-03-09,22,Autumn,31.1,53.0,28.9,5.04,2,4.7,0.0,No Holiday,Yes,53.4
2022-03-09,23,Autumn,34.7,54.3,32.7,5.97,3,6.9,1.5,No Holiday,Yes,55.4
2022-03-10,0,Winter,21.4,54.4,20.3,3.61,5,5.5,0.8,No Holiday,Yes,42.4
2022-03-10,1,Autumn,22.4,48.3,20.2,4.37,3,6.1,4.1,No Holiday,Yes,51.2
2022-03-10,2,Spring,32.1,56.2,29.9,4.92,5,3.2,2.1,No Holiday,Yes,49.8
2022-03-10,3,Autumn,28.4,58.9,26.7,4.98,3,4.9,2.7,No Holiday,Yes,54.6
2022-03-10,4,Spring,29.8,57.1,28.4,4.94,3,5.1,2.6,No Holiday,Yes,50.6
2022-03-10,5,Spring,28.7,48.6,26.0,4.92,2,3.5,2.3,No Holiday,Yes,44.6
2022-03-10,6,Spring,29.0,54.9,26.7,4.62,1,2.9,1.6,No Holiday,Yes,48.1
2022-03-10,7,Summer,20.4,50.0,18.5,3.78,3,4.5,1.5,Holiday,No,41.0
2022-03-10,8,Winter,32.2,60.8,30.8,5.37,4,6.3,0.0,No Holiday,Yes,53.1
2022-03-10,9,Spring,32.8,50.8,31.3,5.76,4,3.2,2.1,No Holiday,Yes,48.2
2022-03-10,10,Spring,25.9,62.3,23.2,4.29,4,4.6,2.3,No Holiday,Yes,49.2
2022-03-10,11,Summer,26.8,60.7,24.7,4.24,1,7.7,2.0,No Holiday,Yes,50.2
2022-03-10,12,Spring,19.3,55.6,17.6,4.24,3,4.0,2.1,No Holiday,Yes,38.0
2022-03-10,13,Autumn,29.6,51.6,27.3,4.94,5,5.0,0.8,No Holiday,Yes,39.5
2022-03-10,14,Autumn,29.9,57.4,28.3,5.4,5,4.8,1.7,No Holiday,Yes,47.0
2022-03-10,15,Winter,26.7,53.6,23.9,4.22,2,4.6,1.4,Holiday,No,48.1
2022-03-10,16,Spring,32.6,55.6,29.9,4.37,1,8.3,2.7,Holiday,No,59.7
2022-03-10,17,Summer,25.3,55.5,23.6,4.27,3,5.6,2.0,No Holiday,Yes,44.5
2022-03-10,18,Autumn,29.8,48.9,28.1,4.6,4,1.9,1.4,Holiday,No,46.4
2022-03-10,19,Summer,21.9,49.5,21.2,4.15,1,8.1,1.8,No Holiday,Yes,49.3
2022-03-10,20,Summer,26.9,57.8,25.6,4.37,1,5.5,1.0,No Holiday,Yes,52.0
2022-03-10,21,Autumn,26.1,54.9,24.8,4.98,3,4.3,1.7,No Holiday,Yes,47.2
2022-03-10,22,Summer,28.1,54.3,26.1,4.67,2,7.7,2.6,No Holiday,Yes,55.1
2022-03-10,23,Autumn,25.2,60.2,23.3,4.59,2,3.4,0.7,No Holiday,Yes,46.5
2022-03-11,0,Summer,26.3,61.8,25.0,4.71,2,8.4,1.9,Holiday,No,52.8
2022-03-11,1,Autumn,31.1,54.6,29.3,5.21,4,5.2,1.3,No Holiday,Yes,46.6
2022-03-11,2,Spring,24.8,56.2,22.6,4.47,4,7.0,0.7,No Holiday,Yes,52.5
2022-03-11,3,Winter,19.0,61.3,16.7,4.15,3,10.0,3.9,No Holiday,Yes,55.9
2022-03-11,4,Autumn,35.7,48.8,34.7,5.18,2,5.4,3.3,No Holiday,Yes,60.8
2022-03-11,5,Autumn,33.9,55.7,32.0,6.09,3,4.8,1.4,No Holiday,Yes,54.3
2022-03-11,6,Winter,20.5,61.0,19.2,3.94,2,2.9,1.7,Holiday,No,42.7
2022-03-11,7,Autumn,30.4,58.6,28.0,4.39,1,4.8,0.0,No Holiday,Yes,45.3
2022-03-11,8,Autumn,24.5,49.9,22.1,4.54,5,2.9,0.4,No Holiday,Yes,38.0
2022-03-11,9,Summer,28.3,53.5,26.8,4.41,5,4.6,0.9,No Holiday,Yes,45.3
2022-03-11,10,Winter,28.5,52.9,26.9,5.18,2,10.0,2.0,Holiday,No,57.8
2022-03-11,11,Spring,25.8,57.7,24.1,5.69,3,5.2,1.9,Holiday,No,42.2
2022-03-11,12,Autumn,23.1,60.0,22.2,3.91,4,3.9,2.3,Holiday,No,43.2
2022-03-11,13,Winter,23.5,63.9,21.4,4.52,2,4.6,2.7,No Holiday,Yes,47.6
2022-03-11,14,Summer,22.4,56.3,20.6,3.36,2,4.2,2.3,No Holiday,Yes,40.5
2022-03-11,15,Spring,22.8,56.2,20.4,4.51,4,7.1,0.9,No Holiday,Yes,43.9
2022-03-11,16,Winter,26.7,61.6,25.2,4.22,2,4.8,2.3,No Holiday,Yes,47.1
2022-03-11,17,Spring,23.4,59.2,21.7,4.03,1,8.2,2.6,Holiday,No,54.4
2022-03-11,18,Spring,30.4,60.9,29.2,4.49,4,4.4,1.6,No Holiday,Yes,45.2
2022-03-11,19,Spring,34.4,55.8,32.9,5.81,1,4.5,0.2,No Holiday,Yes,56.6
2022-03-11,20,Autumn,24.1,53.1,22.7,4.91,5,3.2,3.2,No Holiday,Yes,39.2
2022-03-11,21,Autumn,28.2,51.2,25.7,4.83,4,4.2,2.1,No Holiday,Yes,45.0
2022-03-11,22,Summer,29.5,49.9,27.8,4.52,4,1.5,0.0,No Holiday,Yes,42.6
2022-03-11,23,Summer,29.4,58.8,27.3,5.73,3,0.7,4.1,No Holiday,Yes,46.9
2022-03-12,0,Winter,27.4,61.5,25.6,4.36,3,6.2,1.5,Holiday,No,52.4
2022-03-12,1,Summer,30.7,63.2,29.3,3.99,4,1.5,4.4,No Holiday,Yes,45.4
2022-03-12,2,Spring,29.4,59.5,27.5,5.17,5,5.8,2.4,Holiday,No,50.2
2022-03-12,3,Spring,20.8,63.4,18.5,3.53,2,4.0,1.8,No Holiday,Yes,37.9
2022-03-12,4,Autumn,31.3,53.3,29.9,5.63,3,6.9,2.2,No Holiday,Yes,53.8
2022-03-12,5,Spring,31.4,50.9,29.0,4.95,5,1.6,1.3,No Holiday,Yes,43.9
2022-03-12,6,Winter,23.2,61.4,21.6,4.62,5,6.2,2.1,No Holiday,Yes,44.5
2022-03-12,7,Spring,27.2,58.5,25.4,5.42,3,5.7,4.0,No Holiday,Yes,46.8
2022-03-12,8,Spring,30.4,56.3,28.2,4.44,2,5.7,1.1,No Holiday,Yes,53.8
2022-03-12,9,Winter,26.0,58.8,24.3,4.31,3,7.2,2.5,Holiday,No,51.5
2022-03-12,10,Summer,32.4,56.6,30.3,5.2,5,5.1,1.3,No Holiday,Yes,53.2
2022-03-12,11,Summer,38.8,58.5,37.0,6.65,1,0.1,1.8,No Holiday,Yes,46.0
2022-03-12,12,Winter,23.1,63.3,21.0,3.98,3,5.9,4.0,No Holiday,Yes,51.0
2022-03-12,13,Autumn,20.1,61.1,19.3,3.71,5,5.6,2.5,No Holiday,Yes,51.2
2022-03-12,14,Spring,28.5,59.8,27.4,5.09,3,4.5,2.7,No Holiday,Yes,45.5
2022-03-12,15,Winter,30.6,57.9,28.3,4.77,5,3.3,2.1,No Holiday,Yes,44.8
2022-03-12,16,Spring,25.8,55.4,23.3,4.66,2,4.3,4.7,Holiday,No,46.3
2022-03-12,17,Autumn,34.3,57.7,32.7,4.65,5,7.9,1.1,Holiday,No,64.0
2022-03-12,18,Spring,20.3,53.3,18.4,5.14,4,3.2,0.4,Holiday,No,35.8
2022-03-12,19,Winter,30.5,60.1,28.3,4.37,1,1.5,3.7,No Holiday,Yes,48.6
2022-03-12,20,Spring,24.0,53.0,21.6,4.24,5,2.1,1.6,No Holiday,Yes,30.5
2022-03-12,21,Summer,35.6,55.5,34.6,5.54,3,4.9,2.4,No Holiday,Yes,55.8
2022-03-12,22,Autumn,37.0,50.5,35.4,6.65,3,8.3,3.7,No Holiday,Yes,63.3
2022-03-12,23,Autumn,23.2,60.3,21.3,3.65,5,9.4,2.4,No Holiday,Yes,58.2
2022-03-13,0,Autumn,24.3,57.6,21.9,5.42,4,6.3,4.2,No Holiday,Yes,53.2
2022-03-13,1,Winter,31.3,49.2,28.0,5.51,5,3.0,2.1,No Holiday,Yes,45.5
2022-03-13,2,Autumn,25.1,59.2,23.2,4.71,2,3.2,1.3,Holiday,No,46.2
2022-03-13,3,Summer,26.8,54.7,25.5,4.18,4,6.8,0.0,No Holiday,Yes,52.7
2022-03-13,4,Winter,27.1,60.4,24.9,5.0,5,7.7,2.3,No Holiday,Yes,58.0
2022-03-13,5,Summer,17.4,59.8,14.7,3.38,1,3.7,0.0,No Holiday,Yes,36.6
2022-03-13,6,Spring,26.9,58.5,24.9,5.33,4,7.8,2.3,No Holiday,Yes,52.8
2022-03-13,7,Spring,23.6,54.1,22.0,3.87,5,4.5,3.5,No Holiday,Yes,46.5
2022-03-13,8,Spring,24.5,55.3,22.1,4.4,1,6.4,2.0,No Holiday,Yes,47.0
2022-03-13,9,Spring,34.2,52.9,31.9,5.14,5,7.3,2.2,No Holiday,Yes,58.6
2022-03-13,10,Summer,20.7,62.2,19.2,3.58,2,2.0,2.9,No Holiday,Yes,36.3
2022-03-13,11,Winter,31.1,62.4,28.9,5.48,3,5.9,2.7,Holiday,No,53.3
2022-03-13,12,Winter,25.6,54.1,23.1,4.83,5,7.9,3.2,Holiday,No,60.1
2022-03-13,13,Autumn,25.6,61.6,23.0,5.16,4,3.9,2.0,Holiday,No,45.2
2022-03-13,14,Summer,31.0,47.0,29.0,4.21,5,2.9,0.0,No Holiday,Yes,41.6
2022-03-13,15,Spring,28.7,51.6,26.9,5.4,5,6.0,3.2,No Holiday,Yes,49.0
2022-03-13,16,Summer,29.9,52.2,27.2,6.24,5,5.3,1.8,Holiday,No,49.4
2022-03-13,17,Autumn,31.8,50.0,30.4,4.96,5,4.3,1.1,No Holiday,Yes,50.6
2022-03-13,18,Autumn,25.3,51.1,23.1,5.48,4,5.0,2.3,No Holiday,Yes,46.7
2022-03-13,19,Summer,23.9,59.5,22.6,4.26,4,1.7,2.2,No Holiday,Yes,38.6
2022-03-13,20,Summer,21.6,57.7,19.0,3.47,5,5.8,1.3,No Holiday,Yes,44.9
2022-03-13,21,Summer,22.9,59.7,21.0,4.13,3,8.2,0.7,No Holiday,Yes,49.9
2022-03-13,22,Winter,41.7,55.2,39.1,6.7,5,3.6,2.5,No Holiday,Yes,59.1
2022-03-13,23,Spring,33.2,56.1,31.0,4.9,4,3.3,1.2,No Holiday,Yes,50.0
2022-03-14,0,Summer,20.2,61.6,18.9,3.72,2,5.3,2.1,No Holiday,Yes,42.9
2022-03-14,1,Summer,20.4,58.6,17.7,4.34,5,10.0,2.4,Holiday,No,52.4
2022-03-14,2,Summer,29.4,51.4,26.6,4.94,5,7.2,3.0,No Holiday,Yes,55.0
2022-03-14,3,Autumn,29.7,60.3,27.3,5.27,5,4.8,4.1,Holiday,No,54.3
2022-03-14,4,Autumn,29.7,53.7,28.1,5.09,5,5.1,2.2,No Holiday,Yes,53.4
2022-03-14,5,Winter,25.7,53.5,23.9,4.81,1,7.4,1.6,No Holiday,Yes,49.4
2022-03-14,6,Spring,26.4,56.4,24.3,4.42,5,3.2,3.7,No Holiday,Yes,45.3
2022-03-14,7,Winter,28.6,52.8,27.0,4.98,4,6.2,3.0,No Holiday,Yes,50.1
2022-03-14,8,Spring,27.4,55.1,24.6,4.28,4,2.8,2.2,Holiday,No,39.0
2022-03-14,9,Autumn,15.9,61.6,13.8,4.23,1,6.8,2.2,No Holiday,Yes,39.1
2022-03-14,10,Autumn,25.9,58.6,25.2,4.27,5,4.4,2.0,No Holiday,Yes,42.5
2022-03-14,11,Autumn,22.7,54.6,20.6,4.84,3,5.4,2.2,No Holiday,Yes,43.0
2022-03-14,12,Winter,27.9,54.7,26.1,4.67,5,4.3,1.9,No Holiday,Yes,47.8
2022-03-14,13,Summer,41.9,56.7,40.0,6.29,4,6.4,1.0,Holiday,No,57.5
2022-03-14,14,Summer,28.8,58.3,27.0,4.64,2,4.7,2.0,Holiday,No,48.4
2022-03-14,15,Autumn,25.4,65.7,23.0,4.04,2,9.3,3.8,No Holiday,Yes,60.4
2022-03-14,16,Summer,31.6,60.2,29.0,4.29,3,7.8,1.2,No Holiday,Yes,53.3
2022-03-14,17,Summer,29.4,60.8,27.3,4.41,5,2.4,1.7,No Holiday,Yes,42.5
2022-03-14,18,Winter,29.1,50.7,27.3,4.75,1,5.4,1.1,No Holiday,Yes,44.3
2022-03-14,19,Spring,30.0,59.0,28.1,5.11,5,6.5,3.2,No Holiday,Yes,51.8
2022-03-14,20,Autumn,37.3,53.6,35.3,6.23,3,4.1,2.8,No Holiday,Yes,59.0
2022-03-14,21,Autumn,21.3,56.4,19.7,3.91,3,7.4,0.7,No Holiday,Yes,47.3
2022-03-14,22,Winter,29.4,56.9,27.1,4.5,3,7.2,0.0,No Holiday,Yes,57.2
2022-03-14,23,Winter,22.4,62.1,20.1,3.52,2,4.8,2.9,Holiday,No,42.8
2022-03-15,0,Summer,29.8,58.1,27.0,5.22,5,7.0,0.7,No Holiday,Yes,56.2
2022-03-15,1,Autumn,22.4,54.8,19.8,4.93,5,0.2,2.8,No Holiday,Yes,33.1
2022-03-15,2,Spring,24.9,60.5,23.3,5.12,1,7.7,1.4,Holiday,No,48.9
2022-03-15,3,Winter,25.5,54.8,23.1,4.91,3,6.8,2.7,No Holiday,Yes,58.9
2022-03-15,4,Spring,31.9,56.3,30.4,5.51,3,2.8,2.4,No Holiday,Yes,45.1
2022-03-15,5,Spring,31.6,54.3,29.2,6.01,4,5.5,1.5,No Holiday,Yes,56.0
2022-03-15,6,Autumn,20.8,57.9,19.0,4.24,4,0.9,1.1,No Holiday,Yes,33.0
2022-03-15,7,Autumn,27.3,59.9,25.8,5.05,2,3.5,2.6,No Holiday,Yes,42.4
2022-03-15,8,Winter,23.5,53.8,21.3,4.18,5,7.2,1.3,No Holiday,Yes,43.5
2022-03-15,9,Autumn,20.7,66.6,20.0,3.39,1,5.0,3.1,No Holiday,Yes,44.8
2022-03-15,10,Autumn,25.9,49.9,24.8,4.25,1,4.9,1.2,No Holiday,Yes,41.3
2022-03-15,11,Autumn,25.5,55.0,23.5,4.54,3,5.1,2.4,No Holiday,Yes,45.9
2022-03-15,12,Spring,39.1,54.7,37.1,5.94,1,4.9,1.6,No Holiday,Yes,50.5
2022-03-15,13,Winter,29.2,58.6,27.3,5.88,3,7.0,2.0,No Holiday,Yes,54.3
2022-03-15,14,Summer,20.1,58.6,18.9,4.05,5,3.8,1.3,Holiday,No,33.9
2022-03-15,15,Spring,24.2,57.5,22.6,5.01,1,5.8,1.8,Holiday,No,46.4
2022-03-15,16,Autumn,32.1,57.0,29.9,4.99,3,2.7,0.0,No Holiday,Yes,39.8
2022-03-15,17,Spring,37.4,52.8,35.2,5.59,5,6.5,1.2,No Holiday,Yes,61.0
2022-03-15,18,Autumn,19.1,64.9,17.1,3.24,5,4.4,1.4,No Holiday,Yes,33.0
2022-03-15,19,Autumn,17.6,63.1,15.0,3.39,3,4.9,1.9,No Holiday,Yes,39.1
2022-03-15,20,Spring,36.4,57.6,34.2,5.9,3,4.3,3.3,Holiday,No,57.1
2022-03-15,21,Winter,28.9,52.5,27.3,4.9,2,4.5,1.3,Holiday,No,47.9
2022-03-15,22,Autumn,22.7,57.9,20.8,4.74,5,3.0,3.4,No Holiday,Yes,38.4
2022-03-15,23,Winter,29.7,54.9,28.4,5.06,3,5.7,1.1,No Holiday,Yes,44.3
2022-03-16,0,Summer,13.8,56.8,11.9,3.21,5,6.1,0.9,No Holiday,Yes,39.8
2022-03-16,1,Autumn,27.0,58.3,24.5,5.78,1,2.3,0.1,No Holiday,Yes,39.0
2022-03-16,2,Winter,28.6,54.3,26.3,4.82,4,3.8,2.6,No Holiday,Yes,43.9
2022-03-16,3,Winter,31.6,58.1,28.9,5.74,4,5.1,2.1,No Holiday,Yes,53.9
2022-03-16,4,Summer,21.9,54.1,20.1,3.99,3,3.8,2.5,No Holiday,Yes,40.0
2022-03-16,5,Winter,27.4,63.6,24.8,5.1,3,4.6,2.1,No Holiday,Yes,45.5
2022-03-16,6,Winter,22.4,54.7,20.5,4.7,5,8.2,2.0,No Holiday,Yes,47.5
2022-03-16,7,Summer,28.3,57.4,25.5,4.93,3,3.0,2.3,Holiday,No,42.6
2022-03-16,8,Autumn,22.5,61.4,20.5,3.08,5,0.4,4.2,No Holiday,Yes,35.7
2022-03-16,9,Winter,25.0,55.2,22.6,4.51,3,3.8,1.5,No Holiday,Yes,43.6
2022-03-16,10,Winter,22.0,61.8,19.3,4.82,5,4.3,4.1,No Holiday,Yes,50.1
2022-03-16,11,Winter,30.3,51.0,28.4,5.29,3,4.0,2.9,No Holiday,Yes,44.9
2022-03-16,12,Spring,31.3,61.4,29.2,5.35,2,5.5,2.4,No Holiday,Yes,51.7
2022-03-16,13,Summer,25.8,57.3,23.2,3.72,5,2.9,2.6,Holiday,No,42.8
2022-03-16,14,Spring,27.2,54.5,25.3,4.36,2,2.6,0.0,No Holiday,Yes,41.2
2022-03-16,15,Summer,19.8,57.9,18.4,4.18,2,3.7,1.7,No Holiday,Yes,41.6
2022-03-16,16,Autumn,25.5,60.6,22.4,4.76,2,3.7,1.3,No Holiday,Yes,42.3
2022-03-16,17,Autumn,26.7,54.6,25.0,5.28,2,9.2,4.1,No Holiday,Yes,56.9
2022-03-16,18,Winter,40.1,50.0,38.0,5.94,1,8.1,1.7,No Holiday,Yes,65.0
2022-03-16,19,Summer,21.4,57.7,18.9,4.35,4,1.7,2.0,Holiday,No,31.4
2022-03-16,20,Autumn,34.3,50.0,32.6,5.44,1,1.1,2.0,Holiday,No,38.7
2022-03-16,21,Summer,32.0,62.7,30.5,4.7,3,4.8,0.7,Holiday,No,57.2
2022-03-16,22,Autumn,28.4,54.2,26.3,3.71,3,8.8,1.4,No Holiday,Yes,52.8
2022-03-16,23,Spring,35.8,57.6,34.7,5.79,4,6.3,2.8,No Holiday,Yes,57.2
2022-03-17,0,Autumn,28.9,57.2,27.0,4.97,4,4.9,0.0,No Holiday,Yes,47.4
2022-03-17,1,Spring,28.9,52.4,26.8,4.59,4,4.1,2.3,No Holiday,Yes,48.5
2022-03-17,2,Autumn,26.7,57.0,24.9,3.86,2,7.2,1.1,No Holiday,Yes,52.8
2022-03-17,3,Winter,33.1,58.2,31.9,5.63,1,5.4,3.3,No Holiday,Yes,57.9
2022-03-17,4,Spring,32.5,54.5,29.7,5.12,3,8.5,2.4,No Holiday,Yes,54.9
2022-03-17,5,Autumn,23.9,62.6,21.8,4.67,1,1.6,0.5,No Holiday,Yes,40.0
2022-03-17,6,Winter,20.4,63.0,17.7,4.97,1,5.8,1.6,No Holiday,Yes,45.1
2022-03-17,7,Spring,26.0,60.9,24.1,3.53,1,3.9,2.5,No Holiday,Yes,46.4
2022-03-17,8,Winter,23.0,56.3,21.4,3.95,4,5.8,1.7,No Holiday,Yes,46.7
2022-03-17,9,Summer,26.7,52.7,24.5,4.56,4,5.5,2.1,No Holiday,Yes,41.5
2022-03-17,10,Summer,33.2,52.6,31.3,6.05,3,6.0,2.0,No Holiday,Yes,53.6
2022-03-17,11,Spring,24.7,58.4,23.3,3.65,3,7.0,2.9,No Holiday,Yes,48.0
2022-03-17,12,Autumn,26.8,59.1,24.1,5.65,3,7.8,2.4,No Holiday,Yes,50.3
2022-03-17,13,Spring,27.3,48.1,25.6,4.8,1,8.9,2.0,Holiday,No,53.5
2022-03-17,14,Winter,31.2,55.6,30.2,5.08,4,5.0,2.0,No Holiday,Yes,53.3
2022-03-17,15,Autumn,15.8,60.9,13.1,3.48,2,3.9,0.9,No Holiday,Yes,35.7
2022-03-17,16,Summer,24.0,56.7,22.2,4.18,1,2.5,3.5,Holiday,No,43.6
2022-03-17,17,Autumn,28.1,61.7,26.4,5.33,5,5.9,5.0,No Holiday,Yes,53.4
2022-03-17,18,Summer,33.0,56.8,31.9,4.77,1,6.7,1.7,Holiday,No,56.2
2022-03-17,19,Autumn,24.5,62.9,21.7,4.63,4,2.3,2.0,No Holiday,Yes,39.9
2022-03-17,20,Autumn,17.6,58.9,16.3,3.57,5,7.3,3.0,Holiday,No,49.0
2022-03-17,21,Autumn,30.1,59.7,28.1,4.63,1,4.8,3.0,Holiday,No,53.3
2022-03-17,22,Winter,23.8,64.4,21.4,5.68,4,2.5,2.2,No Holiday,Yes,41.0
2022-03-17,23,Winter,21.1,63.9,18.8,4.31,4,3.3,1.0,No Holiday,Yes,35.8
2022-03-18,0,Spring,23.9,53.5,21.9,4.69,2,3.1,3.8,No Holiday,Yes,44.5
2022-03-18,1,Spring,26.1,56.2,24.9,5.18,1,3.1,2.7,No Holiday,Yes,44.7
2022-03-18,2,Summer,24.0,56.4,22.4,3.69,4,6.1,2.2,No Holiday,Yes,48.0
2022-03-18,3,Winter,16.0,62.2,13.9,4.47,3,6.7,1.3,No Holiday,Yes,39.8
2022-03-18,4,Summer,31.5,58.3,29.9,3.89,4,8.4,2.1,No Holiday,Yes,56.0
2022-03-18,5,Spring,33.4,51.6,31.3,4.95,2,3.6,0.2,No Holiday,Yes,47.7
2022-03-18,6,Summer,30.3,56.2,27.9,4.8,4,5.7,2.7,No Holiday,Yes,49.9
2022-03-18,7,Spring,21.3,50.5,18.8,4.42,1,3.7,3.0,Holiday,No,40.7
2022-03-18,8,Winter,26.0,63.0,24.6,4.71,1,5.0,2.2,Holiday,No,49.1
2022-03-18,9,Autumn,27.0,54.9,23.9,4.61,5,2.0,1.0,No Holiday,Yes,41.3
2022-03-18,10,Winter,30.0,56.2,27.6,4.99,1,2.8,2.5,No Holiday,Yes,42.5
2022-03-18,11,Summer,30.3,54.7,28.3,4.55,5,6.6,2.8,No Holiday,Yes,55.3
2022-03-18,12,Summer,23.3,62.6,20.8,3.58,3,2.0,1.3,No Holiday,Yes,43.8
2022-03-18,13,Winter,27.4,45.4,24.2,5.1,2,6.2,2.9,No Holiday,Yes,53.1
2022-03-18,14,Winter,29.3,56.1,28.0,5.28,3,3.6,2.5,No Holiday,Yes,46.5
2022-03-18,15,Spring,34.3,54.3,32.4,6.22,5,1.1,1.7,No Holiday,Yes,48.9
2022-03-18,16,Summer,30.5,54.0,29.7,4.66,4,0.0,1.4,No Holiday,Yes,45.9
2022-03-18,17,Summer,30.9,62.6,28.8,5.44,4,7.9,1.8,No Holiday,Yes,59.1
2022-03-18,18,Winter,27.4,53.2,25.2,4.6,3,1.2,1.0,No Holiday,Yes,33.3
2022-03-18,19,Autumn,34.1,57.9,32.1,6.0,4,4.9,2.3,No Holiday,Yes,55.1
2022-03-18,20,Summer,29.0,57.7,27.4,5.42,5,5.7,2.6,No Holiday,Yes,55.4
2022-03-18,21,Autumn,22.7,63.2,21.7,4.38,2,2.4,3.2,No Holiday,Yes,34.6
2022-03-18,22,Winter,34.0,52.1,31.8,5.23,1,3.9,2.3,No Holiday,Yes,53.9
2022-03-18,23,Winter,30.5,52.9,27.8,5.53,5,6.0,2.4,No Holiday,Yes,51.9
2022-03-19,0,Spring,24.8,61.9,23.1,4.8,5,5.6,1.7,No Holiday,Yes,50.6
2022-03-19,1,Summer,24.6,59.3,22.4,4.12,1,4.1,1.1,No Holiday,Yes,42.3
2022-03-19,2,Autumn,28.5,50.3,27.3,4.18,1,5.5,1.6,No Holiday,Yes,49.6
2022-03-19,3,Spring,29.3,54.0,27.1,4.79,2,4.8,3.4,No Holiday,Yes,52.0
2022-03-19,4,Summer,28.0,58.1,26.2,5.56,2,3.1,2.6,No Holiday,Yes,47.5
2022-03-19,5,Spring,28.6,59.8,26.9,5.43,2,7.4,2.4,No Holiday,Yes,55.6
2022-03-19,6,Winter,35.5,51.6,33.9,4.99,4,5.4,0.2,No Holiday,Yes,49.4
2022-03-19,7,Summer,32.4,43.6,30.6,4.65,5,1.3,2.3,No Holiday,Yes,43.4
2022-03-19,8,Spring,28.0,58.7,25.8,5.43,1,6.0,0.7,Holiday,No,48.4
2022-03-19,9,Spring,31.7,50.6,30.4,4.6,5,3.8,0.7,Holiday,No,50.2
2022-03-19,10,Autumn,21.8,50.4,20.0,4.44,5,4.4,0.9,No Holiday,Yes,41.6
2022-03-19,11,Spring,29.0,45.0,27.0,4.59,2,5.0,1.2,No Holiday,Yes,45.3
2022-03-19,12,Summer,36.0,57.4,34.6,6.41,2,3.4,2.8,No Holiday,Yes,50.0
2022-03-19,13,Summer,25.9,57.7,23.0,4.21,5,8.6,2.2,No Holiday,Yes,56.1
2022-03-19,14,Autumn,22.8,57.3,21.2,4.85,2,2.0,1.1,No Holiday,Yes,35.3
2022-03-19,15,Summer,23.7,63.4,22.1,4.47,4,5.1,1.4,No Holiday,Yes,46.8
2022-03-19,16,Winter,21.6,61.1,20.0,4.28,1,5.8,2.5,No Holiday,Yes,45.4
2022-03-19,17,Summer,23.1,64.5,20.2,3.32,5,5.1,2.7,No Holiday,Yes,50.3
2022-03-19,18,Summer,25.1,51.9,22.9,3.41,1,4.6,2.1,No Holiday,Yes,42.9
2022-03-19,19,Spring,20.0,58.9,18.4,3.89,4,4.2,0.9,No Holiday,Yes,43.0
2022-03-19,20,Spring,27.1,50.4,24.5,4.83,2,3.4,1.6,No Holiday,Yes,46.3
2022-03-19,21,Summer,31.5,54.6,29.4,4.59,3,3.4,4.4,No Holiday,Yes,49.9
2022-03-19,22,Autumn,22.5,57.3,20.3,3.7,4,7.3,0.8,No Holiday,Yes,44.0
2022-03-19,23,Spring,34.6,57.1,32.8,5.74,3,4.1,2.4,No Holiday,Yes,58.1
2022-03-20,0,Autumn,29.6,56.3,27.9,5.24,1,9.3,4.1,Holiday,No,58.5
2022-03-20,1,Summer,32.2,57.8,30.0,5.15,5,6.3,1.7,No Holiday,Yes,54.8
2022-03-20,2,Summer,23.7,60.7,22.0,4.76,2,0.0,3.8,No Holiday,Yes,38.8
2022-03-20,3,Winter,31.3,64.2,28.4,4.54,4,6.8,1.3,No Holiday,Yes,53.8
2022-03-20,4,Spring,21.5,57.3,20.2,3.98,2,4.9,0.0,No Holiday,Yes,42.3
2022-03-20,5,Summer,31.5,51.8,28.7,5.97,3,2.2,1.4,Holiday,No,41.5
2022-03-20,6,Winter,27.9,57.6,25.9,4.82,3,7.6,1.2,No Holiday,Yes,58.0
2022-03-20,7,Spring,29.8,52.9,27.6,5.04,5,4.1,0.3,No Holiday,Yes,42.7
2022-03-20,8,Summer,21.1,64.6,18.7,5.27,3,4.0,1.6,No Holiday,Yes,40.0
2022-03-20,9,Summer,22.5,57.1,20.8,3.55,5,5.8,3.0,No Holiday,Yes,42.5
2022-03-20,10,Spring,30.0,53.7,27.6,5.4,4,7.3,1.4,No Holiday,Yes,56.5
2022-03-20,11,Spring,22.3,56.4,21.6,5.06,5,5.2,1.6,No Holiday,Yes,49.2
2022-03-20,12,Spring,29.3,59.1,27.7,4.77,3,5.1,3.4,No Holiday,Yes,57.7
2022-03-20,13,Summer,20.2,58.3,18.6,4.45,1,3.6,1.3,Holiday,No,41.5
2022-03-20,14,Summer,31.2,53.1,29.9,4.63,5,7.3,2.6,No Holiday,Yes,55.0
2022-03-20,15,Winter,20.8,65.4,18.9,3.74,2,5.2,0.3,No Holiday,Yes,40.9
2022-03-20,16,Autumn,29.8,52.6,27.6,5.17,1,4.5,1.0,Holiday,No,46.1
2022-03-20,17,Spring,30.1,56.1,27.8,5.41,5,4.3,1.8,No Holiday,Yes,44.6
2022-03-20,18,Summer,23.5,60.6,21.4,4.91,2,7.1,3.2,No Holiday,Yes,49.9
2022-03-20,19,Summer,29.9,49.5,28.2,5.78,1,4.5,1.1,No Holiday,Yes,49.7
2022-03-20,20,Spring,28.3,58.4,26.1,4.8,5,7.1,1.1,Holiday,No,48.7
2022-03-20,21,Autumn,24.3,53.5,22.2,5.03,4,4.1,2.3,No Holiday,Yes,36.8
2022-03-20,22,Spring,22.0,61.7,19.5,4.02,2,6.4,2.4,No Holiday,Yes,43.4
2022-03-20,23,Autumn,17.2,56.0,14.8,4.17,4,5.4,1.0,Holiday,No,41.3
2022-03-21,0,Summer,28.7,59.1,26.7,4.98,3,3.1,1.5,No Holiday,Yes,39.2
2022-03-21,1,Autumn,19.2,63.7,17.6,4.14,5,4.8,3.1,No Holiday,Yes,41.4
2022-03-21,2,Winter,27.5,60.2,25.8,4.96,5,0.6,0.8,Holiday,No,36.3
2022-03-21,3,Summer,25.7,58.3,24.0,3.77,2,3.5,2.3,No Holiday,Yes,44.8
2022-03-21,4,Winter,30.4,55.0,28.6,4.48,5,1.8,1.5,No Holiday,Yes,43.7
2022-03-21,5,Spring,25.5,55.0,23.4,4.6,3,9.0,3.4,No Holiday,Yes,57.4
2022-03-21,6,Spring,25.4,63.3,23.0,3.69,5,1.9,2.6,No Holiday,Yes,40.6
2022-03-21,7,Spring,30.7,53.0,28.7,5.48,1,10.0,2.9,No Holiday,Yes,58.7
2022-03-21,8,Autumn,28.7,52.2,26.7,5.3,4,6.0,1.5,No Holiday,Yes,52.5
2022-03-21,9,Summer,28.6,59.1,26.5,5.02,3,4.0,2.8,No Holiday,Yes,42.7
2022-03-21,10,Spring,29.3,53.0,27.6,4.37,3,6.6,2.8,Holiday,No,55.9
2022-03-21,11,Spring,19.3,55.4,17.8,4.62,4,3.7,2.5,No Holiday,Yes,42.9
2022-03-21,12,Summer,30.8,50.0,29.7,6.1,4,2.2,1.7,No Holiday,Yes,51.1
2022-03-21,13,Spring,30.1,54.0,28.4,5.08,3,5.2,2.2,No Holiday,Yes,48.0
2022-03-21,14,Winter,21.9,58.1,19.7,4.45,4,6.4,0.1,No Holiday,Yes,41.8
2022-03-21,15,Summer,25.8,58.2,24.1,4.68,2,7.6,3.8,No Holiday,Yes,54.4
2022-03-21,16,Summer,26.8,60.8,24.9,4.95,4,6.0,1.4,Holiday,No,48.5
2022-03-21,17,Summer,26.3,59.2,24.1,4.57,1,3.9,1.7,No Holiday,Yes,46.9
2022-03-21,18,Winter,28.7,55.6,26.4,4.85,1,7.8,0.7,No Holiday,Yes,53.9
2022-03-21,19,Summer,34.2,54.0,32.7,5.87,2,7.3,2.7,Holiday,No,57.6
2022-03-21,20,Winter,32.4,57.3,29.9,6.41,4,5.5,2.5,No Holiday,Yes,53.4
2022-03-21,21,Summer,20.4,64.0,17.9,3.34,1,7.4,1.7,No Holiday,Yes,49.7
2022-03-21,22,Autumn,30.1,56.5,28.7,4.96,5,9.4,0.0,No Holiday,Yes,51.9
2022-03-21,23,Spring,33.6,53.0,32.1,4.77,4,3.9,1.3,No Holiday,Yes,48.6
2022-03-22,0,Autumn,28.9,52.3,26.3,5.69,2,3.2,2.5,No Holiday,Yes,47.5
2022-03-22,1,Spring,32.5,49.5,30.5,4.95,4,3.9,2.3,No Holiday,Yes,46.3
2022-03-22,2,Winter,37.1,56.5,36.2,4.98,3,2.3,2.0,No Holiday,Yes,39.4
2022-03-22,3,Autumn,32.1,57.7,30.8,5.53,3,6.2,1.6,No Holiday,Yes,57.6
2022-03-22,4,Summer,28.2,58.8,26.4,5.7,1,1.8,0.4,No Holiday,Yes,39.7
2022-03-22,5,Spring,32.2,54.8,30.8,5.55,3,7.5,3.0,No Holiday,Yes,54.3
2022-03-22,6,Spring,27.7,62.3,25.9,4.87,2,3.7,0.6,No Holiday,Yes,46.2
2022-03-22,7,Autumn,27.1,54.9,25.1,4.92,1,7.7,1.8,No Holiday,Yes,51.9
2022-03-22,8,Winter,25.2,61.2,22.5,5.23,2,0.0,1.0,No Holiday,Yes,31.6
2022-03-22,9,Autumn,34.8,54.4,33.0,5.04,2,4.2,3.0,No Holiday,Yes,54.6
2022-03-22,10,Winter,22.9,55.7,20.4,4.23,3,2.4,2.6,No Holiday,Yes,40.0
2022-03-22,11,Winter,34.7,57.0,31.9,5.24,3,7.7,1.6,No Holiday,Yes,56.6
2022-03-22,12,Spring,29.5,57.8,26.8,4.37,2,8.4,2.7,No Holiday,Yes,54.9
2022-03-22,13,Autumn,20.0,60.4,17.9,3.84,3,0.3,0.5,No Holiday,Yes,27.3
2022-03-22,14,Autumn,28.8,56.7,27.8,5.44,3,6.7,1.9,No Holiday,Yes,54.5
2022-03-22,15,Winter,16.5,59.9,14.3,3.93,3,7.1,0.9,No Holiday,Yes,38.1
2022-03-22,16,Autumn,30.1,65.5,27.6,5.33,4,5.7,3.0,No Holiday,Yes,50.8
2022-03-22,17,Summer,31.4,60.3,29.5,5.22,2,6.2,2.4,No Holiday,Yes,54.4
2022-03-22,18,Summer,24.0,60.7,21.2,4.67,5,6.0,2.6,No Holiday,Yes,52.7
2022-03-22,19,Autumn,27.6,57.2,25.2,4.36,2,6.7,1.4,No Holiday,Yes,51.0
2022-03-22,20,Autumn,36.8,58.0,34.5,5.52,1,2.8,2.7,Holiday,No,53.8
2022-03-22,21,Winter,24.5,59.7,21.9,4.54,3,7.4,0.9,No Holiday,Yes,49.0
2022-03-22,22,Summer,21.7,58.6,19.5,4.31,3,5.4,1.0,No Holiday,Yes,45.4
2022-03-22,23,Summer,34.4,53.5,33.7,5.6,5,5.3,1.8,Holiday,No,59.3
2022-03-23,0,Spring,36.8,53.6,35.1,5.61,1,6.1,1.1,No Holiday,Yes,54.7
2022-03-23,1,Winter,27.0,44.2,24.4,4.51,4,2.5,2.7,No Holiday,Yes,42.8
2022-03-23,2,Spring,32.1,56.2,30.5,6.78,2,1.9,1.5,No Holiday,Yes,45.1
2022-03-23,3,Summer,33.7,52.9,31.8,5.82,4,4.8,0.9,No Holiday,Yes,52.1
2022-03-23,4,Winter,23.3,64.4,21.8,4.54,1,8.1,0.8,No Holiday,Yes,49.6
2022-03-23,5,Autumn,24.6,57.7,21.7,4.34,5,2.6,2.7,No Holiday,Yes,40.2
2022-03-23,6,Winter,33.2,50.3,30.3,5.09,1,5.4,0.0,Holiday,No,49.7
2022-03-23,7,Autumn,35.4,54.2,33.9,5.48,5,3.6,1.0,Holiday,No,57.0
2022-03-23,8,Autumn,29.8,51.9,27.7,5.13,4,3.3,3.4,Holiday,No,49.1
2022-03-23,9,Winter,22.6,60.1,20.9,3.32,4,6.0,1.7,Holiday,No,39.8
2022-03-23,10,Autumn,36.9,55.1,34.6,4.91,1,6.5,2.7,No Holiday,Yes,58.2
2022-03-23,11,Spring,24.3,61.5,22.1,4.12,1,3.4,2.4,No Holiday,Yes,43.1
2022-03-23,12,Summer,25.3,54.2,22.9,4.64,3,7.8,1.8,No Holiday,Yes,50.8
2022-03-23,13,Autumn,28.7,56.5,26.5,4.75,5,5.8,0.3,Holiday,No,47.8
2022-03-23,14,Spring,34.8,49.1,31.3,6.22,3,4.5,0.7,No Holiday,Yes,51.2
2022-03-23,15,Autumn,31.3,58.4,29.8,4.39,2,5.7,0.7,No Holiday,Yes,51.8
2022-03-23,16,Summer,29.1,58.4,27.9,4.53,2,9.1,2.5,No Holiday,Yes,58.8
2022-03-23,17,Spring,29.3,58.2,27.5,5.69,1,6.5,2.7,Holiday,No,56.2
2022-03-23,18,Summer,27.2,56.8,26.0,4.79,4,3.6,1.1,No Holiday,Yes,39.0
2022-03-23,19,Summer,29.8,57.7,28.5,5.42,2,5.0,1.9,No Holiday,Yes,48.8
2022-03-23,20,Spring,14.4,67.1,12.9,4.46,2,5.3,2.0,No Holiday,Yes,39.7
2022-03-23,21,Spring,25.5,56.2,24.0,4.2,3,6.3,2.1,No Holiday,Yes,49.8
2022-03-23,22,Spring,28.2,57.1,26.7,4.77,3,5.5,1.2,No Holiday,Yes,46.3
2022-03-23,23,Winter,21.2,54.3,19.0,3.99,2,8.8,3.6,No Holiday,Yes,51.2
2022-03-24,0,Spring,28.9,52.8,27.2,3.92,1,4.5,2.7,No Holiday,Yes,46.4
2022-03-24,1,Spring,26.0,57.6,24.1,4.44,3,1.5,2.1,No Holiday,Yes,42.8
2022-03-24,2,Spring,35.8,58.7,33.3,6.02,2,5.4,1.5,No Holiday,Yes,49.1
2022-03-24,3,Spring,34.9,53.5,33.2,5.76,4,4.1,1.2,No Holiday,Yes,46.7
2022-03-24,4,Autumn,24.7,56.7,22.8,4.78,3,2.0,2.4,No Holiday,Yes,41.4
2022-03-24,5,Winter,26.2,55.5,24.1,4.44,2,3.6,1.5,No Holiday,Yes,44.9
2022-03-24,6,Summer,26.6,54.9,25.6,4.33,5,4.3,2.1,No Holiday,Yes,41.1
2022-03-24,7,Spring,24.7,58.8,23.9,5.11,3,7.3,0.1,No Holiday,Yes,49.3
2022-03-24,8,Autumn,28.0,50.6,25.8,4.55,5,2.0,1.5,Holiday,No,41.7
2022-03-24,9,Autumn,23.2,63.2,21.0,4.47,3,5.7,1.9,No Holiday,Yes,47.5
2022-03-24,10,Autumn,21.3,55.9,18.3,4.22,3,9.4,3.0,No Holiday,Yes,53.4
2022-03-24,11,Summer,30.1,58.9,28.0,5.74,5,4.7,1.1,No Holiday,Yes,49.2
2022-03-24,12,Spring,30.1,50.9,27.7,5.5,1,4.6,0.5,Holiday,No,48.0
2022-03-24,13,Winter,23.0,60.8,21.1,3.65,2,6.4,2.4,Holiday,No,49.4
2022-03-24,14,Winter,31.5,58.2,29.3,4.55,1,6.0,1.9,No Holiday,Yes,53.8
2022-03-24,15,Autumn,23.8,59.4,21.0,4.67,1,7.8,0.3,No Holiday,Yes,47.9
2022-03-24,16,Summer,28.3,52.5,27.3,4.79,2,4.7,0.3,Holiday,No,44.8
2022-03-24,17,Summer,31.1,56.7,28.9,4.88,4,6.4,1.4,No Holiday,Yes,53.2
2022-03-24,18,Summer,26.8,52.2,23.8,5.19,1,6.4,1.9,No Holiday,Yes,52.3
2022-03-24,19,Winter,29.3,55.2,27.1,5.02,1,4.3,3.4,No Holiday,Yes,55.8
2022-03-24,20,Autumn,24.4,61.8,21.6,4.47,1,4.8,0.9,Holiday,No,45.1
2022-03-24,21,Spring,26.0,60.4,24.3,4.99,4,5.0,2.5,No Holiday,Yes,48.7
2022-03-24,22,Winter,26.0,57.3,24.0,4.41,3,2.5,0.0,No Holiday,Yes,42.4
2022-03-24,23,Autumn,23.3,54.1,21.3,5.11,5,4.2,2.4,No Holiday,Yes,44.5
2022-03-25,0,Autumn,26.1,59.7,25.2,4.22,5,8.0,3.5,No Holiday,Yes,51.9
2022-03-25,1,Spring,19.3,59.3,17.8,4.25,4,7.1,2.1,No Holiday,Yes,43.5
2022-03-25,2,Spring,24.5,48.4,23.1,5.17,1,3.8,1.3,No Holiday,Yes,47.2
2022-03-25,3,Spring,25.6,60.5,23.2,3.87,5,5.0,3.2,Holiday,No,46.1
2022-03-25,4,Summer,25.7,57.2,23.3,4.4,4,6.9,2.3,Holiday,No,52.6
2022-03-25,5,Spring,25.8,62.1,23.6,5.15,2,5.9,2.2,No Holiday,Yes,45.8
2022-03-25,6,Autumn,26.7,52.6,24.3,5.25,5,6.6,1.0,Holiday,No,52.5
2022-03-25,7,Spring,29.4,43.5,27.5,4.85,2,6.1,2.4,Holiday,No,50.0
